t	zoom	rot	act	bright	sat	cut	onset	low	mid	high	rms	beatRank
0.000	0.0000	0.0000	0.0000	0.0165	0.4639	0.0000	0.0000	0.0000	0.0000	0.0000	0.0000	16
0.067	-0.0050	0.0165	0.0055	0.0173	0.4742	0.0069	0.0000	0.0000	0.0000	0.0000	0.0000	0
0.133	-0.0046	0.0125	0.0040	0.0173	0.4728	0.0049	0.0000	0.0000	0.0000	0.0000	0.0000	0
0.200	-0.0014	0.0090	0.0033	0.0181	0.4804	0.0044	0.0000	0.0000	0.0000	0.0000	0.0000	0
0.267	-0.0024	0.0147	0.0046	0.0181	0.4882	0.0052	0.0000	0.0000	0.0000	0.0000	0.0000	0
0.333	-0.0000	0.0106	0.0039	0.0189	0.4937	0.0052	0.0000	0.0000	0.0000	0.0000	0.0000	0
0.400	-0.0038	0.0150	0.0041	0.0188	0.4987	0.0064	0.0000	0.0000	0.0000	0.0000	0.0000	0
0.467	-0.0032	0.0192	0.0049	0.0199	0.5065	0.0062	0.0000	0.0000	0.0000	0.0000	0.0000	1
0.533	-0.0059	0.0175	0.0043	0.0199	0.5112	0.0047	0.0000	0.0000	0.0000	0.0000	0.0000	0
0.600	-0.0063	0.0190	0.0050	0.0207	0.5241	0.0039	0.0000	0.0000	0.0000	0.0000	0.0000	0
0.667	-0.0067	0.0142	0.0042	0.0206	0.5252	0.0049	0.0000	0.0000	0.0000	0.0000	0.0000	0
0.733	-0.0066	0.0111	0.0034	0.0213	0.5286	0.0052	0.0000	0.0000	0.0000	0.0000	0.0000	0
0.800	-0.0101	0.0202	0.0048	0.0212	0.5302	0.0064	0.0000	0.0000	0.0000	0.0000	0.0000	0
0.867	-0.0101	0.0164	0.0045	0.0221	0.5371	0.0042	0.0000	0.0000	0.0000	0.0000	0.0000	0
0.933	-0.0123	0.0164	0.0043	0.0220	0.5373	0.0069	0.0000	0.0000	0.0000	0.0000	0.0000	0
1.000	-0.0125	0.0132	0.0038	0.0225	0.5403	0.0052	0.0000	0.0000	0.0000	0.0000	0.0000	2
1.067	-0.0167	0.0146	0.0041	0.0223	0.5434	0.0054	0.0000	0.0000	0.0000	0.0000	0.0000	0
1.133	-0.0223	0.0176	0.0048	0.0230	0.5474	0.0067	0.0000	0.0000	0.0000	0.0000	0.0000	0
1.200	-0.0186	0.0119	0.0036	0.0228	0.5485	0.0069	0.0000	0.0000	0.0000	0.0000	0.0000	0
1.267	-0.0232	0.0118	0.0043	0.0234	0.5556	0.0034	0.0000	0.0000	0.0000	0.0000	0.0000	0
1.333	-0.0238	0.0130	0.0041	0.0232	0.5540	0.0062	0.0000	0.0000	0.0000	0.0000	0.0000	0
1.400	-0.0294	0.0160	0.0048	0.0239	0.5598	0.0049	0.0000	0.0000	0.0000	0.0000	0.0000	0
1.467	-0.0232	0.0133	0.0037	0.0237	0.5607	0.0071	0.0000	0.0000	0.0000	0.0000	0.0000	1
1.533	-0.0299	0.0162	0.0049	0.0245	0.5625	0.0054	0.0000	0.0000	0.0000	0.0000	0.0000	0
1.600	-0.0233	0.0120	0.0037	0.0243	0.5668	0.0049	0.0000	0.0000	0.0000	0.0000	0.0000	0
1.667	-0.0293	0.0116	0.0043	0.0250	0.5634	0.0108	0.0000	0.0000	0.0000	0.0000	0.0000	0
1.733	-0.0352	0.0125	0.0045	0.0248	0.5652	0.0086	0.0000	0.0000	0.0000	0.0000	0.0000	0
1.800	-0.0277	0.0102	0.0037	0.0254	0.5662	0.0037	0.0000	0.0000	0.0000	0.0000	0.0000	0
1.867	-0.0342	0.0102	0.0044	0.0251	0.5684	0.0079	0.0000	0.0000	0.0000	0.0000	0.0000	0
1.933	-0.0263	0.0084	0.0035	0.0256	0.5668	0.0044	0.0000	0.0000	0.0000	0.0000	0.0000	0
2.000	-0.0406	0.0142	0.0053	0.0253	0.5726	0.0121	0.0000	0.0000	0.0000	0.0000	0.0000	4
2.067	-0.0284	0.0104	0.0036	0.0259	0.5730	0.0094	0.0000	0.0000	0.0000	0.0000	0.0000	0
2.133	-0.0333	0.0128	0.0040	0.0258	0.5748	0.0059	0.0000	0.0000	0.0000	0.0000	0.0000	0
2.200	-0.0364	0.0104	0.0041	0.0264	0.5754	0.0044	0.0000	0.0000	0.0000	0.0000	0.0000	0
2.267	-0.0353	0.0092	0.0036	0.0261	0.5770	0.0074	0.0000	0.0000	0.0000	0.0000	0.0000	0
2.333	-0.0537	0.0140	0.0051	0.0268	0.5759	0.0039	0.0000	0.0000	0.0000	0.0000	0.0000	0
2.400	-0.0290	0.0072	0.0030	0.0265	0.5782	0.0039	0.0000	0.0000	0.0000	0.0000	0.0000	0
2.467	-0.0444	0.0105	0.0045	0.0273	0.5735	0.0071	0.0000	0.0000	0.0000	0.0000	0.0000	1
2.533	-0.0422	0.0098	0.0040	0.0270	0.5743	0.0086	0.0000	0.0000	0.0000	0.0000	0.0000	0
2.600	-0.0443	0.0101	0.0041	0.0277	0.5704	0.0079	0.0000	0.0000	0.0000	0.0000	0.0000	0
2.667	-0.0382	0.0090	0.0035	0.0273	0.5709	0.0039	0.0000	0.0000	0.0000	0.0000	0.0000	0
2.733	-0.0519	0.0134	0.0045	0.0280	0.5686	0.0067	0.0000	0.0000	0.0000	0.0000	0.0000	0
2.800	-0.0504	0.0109	0.0040	0.0278	0.5713	0.0062	0.0000	0.0000	0.0000	0.0000	0.0000	0
2.867	-0.0573	0.0114	0.0045	0.0284	0.5686	0.0054	0.0000	0.0000	0.0000	0.0000	0.0000	0
2.933	-0.0467	0.0090	0.0035	0.0281	0.5733	0.0044	0.0000	0.0000	0.0000	0.0000	0.0000	0
3.000	-0.0500	0.0091	0.0037	0.0286	0.5706	0.0076	0.0000	0.0000	0.0000	0.0000	0.0000	2
3.067	-0.0604	0.0126	0.0039	0.0283	0.5714	0.0049	0.0000	0.0000	0.0000	0.0000	0.0000	0
3.133	-0.0821	0.0144	0.0050	0.0290	0.5714	0.0091	0.0000	0.0000	0.0000	0.0000	0.0000	0
3.200	-0.0477	0.0104	0.0030	0.0287	0.5723	0.0086	0.0000	0.0000	0.0000	0.0000	0.0000	0
3.267	-0.0739	0.0143	0.0046	0.0293	0.5718	0.0064	0.0000	0.0000	0.0000	0.0000	0.0000	0
3.333	-0.0560	0.0111	0.0035	0.0290	0.5751	0.0057	0.0000	0.0000	0.0000	0.0000	0.0000	0
3.400	-0.0679	0.0114	0.0041	0.0297	0.5726	0.0059	0.0000	0.0000	0.0000	0.0000	0.0000	0
3.467	-0.0796	0.0130	0.0044	0.0294	0.5765	0.0054	0.0000	0.0000	0.0000	0.0000	0.0000	1
3.533	-0.0849	0.0127	0.0046	0.0301	0.5740	0.0059	0.0000	0.0000	0.0000	0.0000	0.0000	0
3.600	-0.0562	0.0065	0.0031	0.0298	0.5772	0.0057	0.0000	0.0000	0.0000	0.0000	0.0000	0
3.667	-0.0814	0.0088	0.0046	0.0304	0.5738	0.0071	0.0000	0.0000	0.0000	0.0000	0.0000	0
3.733	-0.0631	0.0049	0.0036	0.0301	0.5738	0.0049	0.0000	0.0000	0.0000	0.0000	0.0000	0
3.800	-0.0779	0.0074	0.0042	0.0308	0.5748	0.0052	0.0000	0.0000	0.0000	0.0000	0.0000	0
3.867	-0.0789	0.0075	0.0044	0.0307	0.5772	0.0059	0.0000	0.0000	0.0000	0.0000	0.0000	0
3.933	-0.0622	0.0056	0.0036	0.0312	0.5776	0.0067	0.0000	0.0000	0.0000	0.0000	0.0000	0
4.000	-0.0730	0.0052	0.0043	0.0309	0.5766	0.0094	0.0000	0.0000	0.0000	0.0000	0.0000	8
4.067	-0.0806	0.0068	0.0044	0.0316	0.5758	0.0054	0.0000	0.0000	0.0000	0.0000	0.0000	0
4.133	-0.0620	0.0061	0.0034	0.0314	0.5776	0.0054	0.0000	0.0000	0.0000	0.0000	0.0000	0
4.200	-0.0757	0.0073	0.0043	0.0320	0.5777	0.0081	0.0000	0.0000	0.0000	0.0000	0.0000	0
4.267	-0.0565	0.0044	0.0033	0.0316	0.5816	0.0089	0.0000	0.0000	0.0000	0.0000	0.0000	0
4.333	-0.0694	0.0030	0.0039	0.0323	0.5800	0.0064	0.0000	0.0000	0.0000	0.0000	0.0000	0
4.400	-0.0714	0.0070	0.0041	0.0320	0.5823	0.0133	0.0000	0.0000	0.0000	0.0000	0.0000	0
4.467	-0.0541	0.0048	0.0033	0.0327	0.5800	0.0057	0.0000	0.0000	0.0000	0.0000	0.0000	1
4.533	-0.0575	0.0050	0.0035	0.0325	0.5802	0.0034	0.0000	0.0000	0.0000	0.0000	0.0000	0
4.600	-0.0620	0.0061	0.0040	0.0332	0.5774	0.0096	0.0000	0.0000	0.0000	0.0000	0.0000	0
4.667	-0.0490	0.0035	0.0032	0.0328	0.5787	0.0052	0.0000	0.0000	0.0000	0.0000	0.0000	0
4.733	-0.0572	0.0048	0.0038	0.0334	0.5816	0.0052	0.0000	0.0000	0.0000	0.0000	0.0000	0
4.800	-0.0446	0.0020	0.0030	0.0330	0.5819	0.0062	0.0000	0.0000	0.0000	0.0000	0.0000	0
4.867	-0.0572	0.0047	0.0039	0.0335	0.5811	0.0052	0.0000	0.0000	0.0000	0.0000	0.0000	0
4.933	-0.0392	0.0028	0.0029	0.0332	0.5821	0.0042	0.0000	0.0000	0.0000	0.0000	0.0000	0
5.000	-0.0428	0.0031	0.0033	0.0335	0.5839	0.0037	0.0000	0.0000	0.0000	0.0000	0.0000	2
5.067	-0.0442	0.0035	0.0034	0.0331	0.5836	0.0069	0.0000	0.0000	0.0000	0.0000	0.0000	0
5.133	-0.0352	0.0051	0.0029	0.0334	0.5828	0.0054	0.0000	0.0000	0.0000	0.0000	0.0000	0
5.200	-0.0390	0.0046	0.0030	0.0331	0.5827	0.0042	0.0000	0.0000	0.0000	0.0000	0.0000	0
5.267	-0.0384	0.0045	0.0032	0.0336	0.5832	0.0067	0.0000	0.0000	0.0000	0.0000	0.0000	0
5.333	-0.0355	0.0021	0.0030	0.0331	0.5845	0.0059	0.0000	0.0000	0.0000	0.0000	0.0000	0
5.400	-0.0379	0.0040	0.0031	0.0335	0.5834	0.0059	0.0000	0.0000	0.0000	0.0000	0.0000	0
5.467	-0.0374	0.0019	0.0032	0.0331	0.5825	0.0047	0.0000	0.0000	0.0000	0.0000	0.0000	1
5.533	-0.0285	0.0032	0.0027	0.0336	0.5828	0.0062	0.0000	0.0000	0.0000	0.0000	0.0000	0
5.600	-0.0291	0.0021	0.0027	0.0333	0.5826	0.0034	0.0000	0.0000	0.0000	0.0000	0.0000	0
5.667	-0.0353	0.0016	0.0036	0.0337	0.5808	0.0069	0.0000	0.0000	0.0000	0.0000	0.0000	0
5.733	-0.0225	0.0019	0.0024	0.0334	0.5822	0.0042	0.0000	0.0000	0.0000	0.0000	0.0000	0
5.800	-0.0263	0.0026	0.0027	0.0338	0.5802	0.0062	0.0000	0.0000	0.0000	0.0000	0.0000	0
5.867	-0.0249	0.0026	0.0027	0.0335	0.5830	0.0081	0.0000	0.0000	0.0000	0.0000	0.0000	0
5.933	-0.0221	0.0016	0.0026	0.0339	0.5832	0.0059	0.0000	0.0000	0.0000	0.0000	0.0000	0
6.000	-0.0244	0.0015	0.0032	0.0333	0.5804	0.0099	0.0000	0.0000	0.0000	0.0000	0.0000	4
6.067	-0.0187	0.0005	0.0024	0.0338	0.5828	0.0025	0.0000	0.0000	0.0000	0.0000	0.0000	0
6.133	-0.0221	0.0008	0.0029	0.0336	0.5817	0.0062	0.0000	0.0000	0.0000	0.0000	0.0000	0
6.200	-0.0182	-0.0001	0.0024	0.0341	0.5800	0.0062	0.0000	0.0000	0.0000	0.0000	0.0000	0
6.267	-0.0212	0.0009	0.0025	0.0339	0.5788	0.0052	0.0000	0.0000	0.0000	0.0000	0.0000	0
6.333	-0.0213	0.0019	0.0028	0.0344	0.5780	0.0084	0.0000	0.0000	0.0000	0.0000	0.0000	0
6.400	-0.0195	-0.0004	0.0022	0.0341	0.5788	0.0037	0.0000	0.0000	0.0000	0.0000	0.0000	0
6.467	-0.0208	0.0024	0.0029	0.0348	0.5783	0.0054	0.0000	0.0000	0.0000	0.0000	0.0000	1
6.533	-0.0161	-0.0002	0.0025	0.0345	0.5791	0.0069	0.0000	0.0000	0.0000	0.0000	0.0000	0
6.600	-0.0142	-0.0006	0.0024	0.0351	0.5786	0.0044	0.0000	0.0000	0.0000	0.0000	0.0000	0
6.667	-0.0135	-0.0001	0.0021	0.0348	0.5774	0.0047	0.0000	0.0000	0.0000	0.0000	0.0000	0
6.733	-0.0132	0.0005	0.0025	0.0353	0.5757	0.0042	0.0000	0.0000	0.0000	0.0000	0.0000	0
6.800	-0.0135	0.0008	0.0025	0.0349	0.5762	0.0054	0.0000	0.0000	0.0000	0.0000	0.0000	0
6.867	-0.0118	-0.0002	0.0022	0.0354	0.5757	0.0074	0.0000	0.0000	0.0000	0.0000	0.0000	0
6.933	-0.0116	-0.0013	0.0022	0.0351	0.5746	0.0059	0.0000	0.0000	0.0000	0.0000	0.0000	0
7.000	-0.0099	-0.0010	0.0024	0.0355	0.5747	0.0054	0.0000	0.0000	0.0000	0.0000	0.0000	2
7.067	-0.0124	-0.0014	0.0024	0.0351	0.5759	0.0042	0.0000	0.0000	0.0000	0.0000	0.0000	0
7.133	-0.0110	-0.0007	0.0021	0.0355	0.5740	0.0054	0.0000	0.0000	0.0000	0.0000	0.0000	0
7.200	-0.0126	-0.0013	0.0022	0.0352	0.5752	0.0047	0.0000	0.0000	0.0000	0.0000	0.0000	0
7.267	-0.0117	-0.0027	0.0024	0.0356	0.5743	0.0057	0.0000	0.0000	0.0000	0.0000	0.0000	0
7.333	-0.0105	-0.0028	0.0019	0.0353	0.5751	0.0049	0.0000	0.0000	0.0000	0.0000	0.0000	0
7.400	-0.0099	-0.0002	0.0022	0.0357	0.5744	0.0052	0.0000	0.0000	0.0000	0.0000	0.0000	0
7.467	-0.0118	-0.0010	0.0024	0.0354	0.5761	0.0067	0.0000	0.0000	0.0000	0.0000	0.0000	1
7.533	-0.0096	-0.0020	0.0022	0.0360	0.5750	0.0062	0.0000	0.0000	0.0000	0.0000	0.0000	0
7.600	-0.0111	-0.0003	0.0023	0.0357	0.5748	0.0044	0.0000	0.0000	0.0000	0.0000	0.0000	0
7.667	-0.0076	-0.0007	0.0021	0.0361	0.5726	0.0064	0.0000	0.0000	0.0000	0.0000	0.0000	0
7.733	-0.0090	-0.0005	0.0021	0.0358	0.5735	0.0062	0.0000	0.0000	0.0000	0.0000	0.0000	0
7.800	-0.0084	-0.0005	0.0023	0.0362	0.5735	0.0064	0.0000	0.0000	0.0000	0.0000	0.0000	0
7.867	-0.0081	-0.0005	0.0019	0.0359	0.5758	0.0044	0.0000	0.0000	0.0000	0.0000	0.0000	0
7.933	-0.0054	0.0007	0.0019	0.0363	0.5744	0.0064	0.0000	0.0000	0.0000	0.0000	0.0000	0
8.000	-0.0064	-0.0034	0.0029	0.0356	0.5651	0.0069	0.0000	0.0000	0.0000	0.0000	0.0000	16
8.067	-0.0058	0.0022	0.0020	0.0362	0.5646	0.0064	0.0000	0.0000	0.0000	0.0000	0.0000	0
8.133	-0.0066	0.0011	0.0018	0.0359	0.5629	0.0042	0.0000	0.0000	0.0000	0.0000	0.0000	0
8.200	-0.0078	-0.0001	0.0022	0.0363	0.5625	0.0071	0.0000	0.0000	0.0000	0.0000	0.0000	0
8.267	-0.0076	0.0007	0.0020	0.0360	0.5641	0.0057	0.0000	0.0000	0.0000	0.0000	0.0000	0
8.333	-0.0066	-0.0004	0.0020	0.0364	0.5641	0.0069	0.0000	0.0000	0.0000	0.0000	0.0000	0
8.400	-0.0067	0.0011	0.0019	0.0361	0.5653	0.0079	0.0000	0.0000	0.0000	0.0000	0.0000	0
8.467	-0.0054	-0.0031	0.0021	0.0367	0.5648	0.0039	0.0000	0.0000	0.0000	0.0000	0.0000	1
8.533	-0.0045	-0.0025	0.0018	0.0364	0.5655	0.0054	0.0000	0.0000	0.0000	0.0000	0.0000	0
8.600	-0.0054	-0.0034	0.0023	0.0369	0.5672	0.0076	0.0000	0.0000	0.0000	0.0000	0.0000	0
8.667	-0.0056	0.0020	0.0020	0.0366	0.5674	0.0049	0.0000	0.0000	0.0000	0.0000	0.0000	0
8.733	-0.0075	0.0020	0.0026	0.0370	0.5659	0.0062	0.0000	0.0000	0.0000	0.0000	0.0000	0
8.800	-0.0045	0.0012	0.0016	0.0366	0.5673	0.0049	0.0000	0.0000	0.0000	0.0000	0.0000	0
8.867	-0.0053	-0.0004	0.0022	0.0371	0.5668	0.0052	0.0000	0.0000	0.0000	0.0000	0.0000	0
8.933	-0.0046	-0.0007	0.0020	0.0367	0.5684	0.0052	0.0000	0.0000	0.0000	0.0000	0.0000	0
9.000	0.0005	-0.0100	0.0021	0.0370	0.5657	0.0044	0.0000	0.0000	0.0000	0.0000	0.0000	2
9.067	0.0008	-0.0128	0.0019	0.0366	0.5673	0.0039	0.0000	0.0000	0.0000	0.0000	0.0000	0
9.133	-0.0010	-0.0053	0.0028	0.0371	0.5667	0.0064	0.0000	0.0000	0.0000	0.0000	0.0000	0
9.200	-0.0006	-0.0034	0.0023	0.0368	0.5676	0.0042	0.0000	0.0000	0.0000	0.0000	0.0000	0
9.267	0.0000	-0.0069	0.0028	0.0370	0.5646	0.0044	0.0000	0.0000	0.0000	0.0000	0.0000	0
9.333	0.0016	-0.0052	0.0020	0.0366	0.5655	0.0069	0.0000	0.0000	0.0000	0.0000	0.0000	0
9.400	-0.0006	-0.0309	0.0029	0.0372	0.5636	0.0052	0.0000	0.0000	0.0000	0.0000	0.0000	0
9.467	-0.0058	-0.0294	0.0024	0.0370	0.5623	0.0037	0.0000	0.0000	0.0000	0.0000	0.0000	1
9.533	-0.0273	-0.0166	0.0032	0.0378	0.5607	0.0044	0.0000	0.0000	0.0000	0.0000	0.0000	0
9.600	-0.0454	-0.0011	0.0032	0.0375	0.5615	0.0039	0.0000	0.0000	0.0000	0.0000	0.0000	0
9.667	-0.0398	-0.0158	0.0027	0.0380	0.5609	0.0047	0.0000	0.0000	0.0000	0.0000	0.0000	0
9.733	-0.0552	-0.0301	0.0034	0.0379	0.5620	0.0084	0.0000	0.0000	0.0000	0.0000	0.0000	0
9.800	-0.0591	-0.0439	0.0049	0.0392	0.5604	0.0086	0.0000	0.0000	0.0000	0.0000	0.0000	0
9.867	-0.0544	-0.0373	0.0045	0.0393	0.5589	0.0116	0.0000	0.0000	0.0000	0.0000	0.0000	0
9.933	-0.0442	-0.0293	0.0043	0.0396	0.5571	0.0064	0.0000	0.0000	0.0000	0.0000	0.0000	0
10.000	-0.0584	0.0275	0.0051	0.0394	0.5566	0.0094	0.0000	0.0000	0.0000	0.0000	0.0000	4
10.067	-0.0464	0.0363	0.0044	0.0403	0.5562	0.0081	0.0000	0.0000	0.0000	0.0000	0.0000	0
10.133	-0.0337	0.0349	0.0055	0.0401	0.5568	0.0071	0.0000	0.0000	0.0000	0.0000	0.0000	0
10.200	-0.0322	0.0078	0.0044	0.0408	0.5530	0.0074	0.0000	0.0000	0.0000	0.0000	0.0000	0
10.267	-0.0369	-0.0245	0.0048	0.0405	0.5524	0.0096	0.0000	0.0000	0.0000	0.0000	0.0000	0
10.333	-0.0307	-0.0432	0.0052	0.0411	0.5506	0.0094	0.0000	0.0000	0.0000	0.0000	0.0000	0
10.400	-0.0075	-0.0111	0.0039	0.0408	0.5540	0.0076	0.0000	0.0000	0.0000	0.0000	0.0000	0
10.467	0.0348	0.0042	0.0050	0.0419	0.5519	0.0148	0.0000	0.0000	0.0000	0.0000	0.0000	1
10.533	0.0402	0.0322	0.0036	0.0419	0.5522	0.0106	0.0000	0.0000	0.0000	0.0000	0.0000	0
10.600	0.0708	0.0131	0.0046	0.0427	0.5490	0.0106	0.0000	0.0000	0.0000	0.0000	0.0000	0
10.667	0.0677	0.0000	0.0032	0.0426	0.5477	0.0062	0.0000	0.0000	0.0000	0.0000	0.0000	0
10.733	0.0876	-0.0057	0.0042	0.0432	0.5474	0.0138	0.0000	0.0000	0.0000	0.0000	0.0000	0
10.800	0.0666	0.0006	0.0028	0.0429	0.5486	0.0079	0.0000	0.0000	0.0000	0.0000	0.0000	0
10.867	0.0700	-0.0008	0.0033	0.0435	0.5482	0.0111	0.0000	0.0000	0.0000	0.0000	0.0000	0
10.933	0.0593	0.0004	0.0028	0.0432	0.5489	0.0076	0.0000	0.0000	0.0000	0.0000	0.0000	0
11.000	0.0650	-0.0107	0.0032	0.0435	0.5471	0.0057	0.0000	0.0000	0.0000	0.0000	0.0000	2
11.067	0.0395	-0.0077	0.0023	0.0432	0.5486	0.0074	0.0000	0.0000	0.0000	0.0000	0.0000	0
11.133	0.0448	-0.0161	0.0030	0.0437	0.5469	0.0059	0.0000	0.0000	0.0000	0.0000	0.0000	0
11.200	0.0472	-0.0255	0.0031	0.0435	0.5480	0.0069	0.0000	0.0000	0.0000	0.0000	0.0000	0
11.267	0.0343	-0.0164	0.0033	0.0437	0.5462	0.0064	0.0000	0.0000	0.0000	0.0000	0.0000	0
11.333	0.0264	-0.0093	0.0032	0.0433	0.5485	0.0049	0.0000	0.0000	0.0000	0.0000	0.0000	0
11.400	0.0415	-0.0154	0.0040	0.0438	0.5440	0.0071	0.0000	0.0000	0.0000	0.0000	0.0000	0
11.467	0.0027	0.0196	0.0041	0.0440	0.5443	0.0094	0.0000	0.0000	0.0000	0.0000	0.0000	1
11.533	-0.0558	0.0555	0.0058	0.0446	0.5449	0.0091	0.0000	0.0000	0.0000	0.0000	0.0000	0
11.600	-0.1053	0.0240	0.0055	0.0447	0.5440	0.0111	0.0000	0.0000	0.0000	0.0000	0.0000	0
11.667	-0.1331	-0.0050	0.0074	0.0462	0.5397	0.0094	0.0000	0.0000	0.0000	0.0000	0.0000	0
11.733	-0.2757	-0.0633	0.0094	0.0484	0.5370	0.0103	0.0000	0.0000	0.0000	0.0000	0.0000	0
11.800	-0.2261	-0.0698	0.0094	0.0507	0.5343	0.0128	0.0000	0.0000	0.0000	0.0000	0.0000	0
11.867	-0.1880	-0.0503	0.0107	0.0516	0.5329	0.0118	0.0000	0.0000	0.0000	0.0000	0.0000	0
11.933	-0.2090	-0.0704	0.0112	0.0512	0.5308	0.0190	0.0000	0.0000	0.0000	0.0000	0.0000	0
12.000	-0.1839	-0.0466	0.0089	0.0496	0.5276	0.0118	0.0000	0.0000	0.0000	0.0000	0.0000	8
12.067	-0.1578	-0.0224	0.0092	0.0490	0.5244	0.0057	0.0000	0.0000	0.0000	0.0000	0.0000	0
12.133	-0.0401	0.0203	0.0089	0.0487	0.5271	0.0111	0.0000	0.0000	0.0000	0.0000	0.0000	0
12.200	0.0590	0.0853	0.0090	0.0490	0.5242	0.0143	0.0000	0.0000	0.0000	0.0000	0.0000	0
12.267	0.1247	0.0966	0.0088	0.0489	0.5202	0.0103	0.0000	0.0000	0.0000	0.0000	0.0000	0
12.333	0.1754	0.0832	0.0091	0.0505	0.5176	0.0121	0.0000	0.0000	0.0000	0.0000	0.0000	0
12.400	0.2487	0.0516	0.0088	0.0517	0.5188	0.0153	0.0000	0.0000	0.0000	0.0000	0.0000	0
12.467	0.2612	0.0398	0.0090	0.0542	0.5169	0.0163	0.0000	0.0000	0.0000	0.0000	0.0000	1
12.533	0.2468	0.0274	0.0084	0.0556	0.5155	0.0172	0.0000	0.0000	0.0000	0.0000	0.0000	0
12.600	0.2640	0.0135	0.0096	0.0581	0.5120	0.0192	0.0000	0.0000	0.0000	0.0000	0.0000	0
12.667	0.1937	0.0290	0.0074	0.0591	0.5118	0.0094	0.0000	0.0000	0.0000	0.0000	0.0000	0
12.733	0.2145	-0.0057	0.0098	0.0606	0.5097	0.0197	0.0000	0.0000	0.0000	0.0000	0.0000	0
12.800	0.1876	0.0334	0.0093	0.0604	0.5101	0.0158	0.0000	0.0000	0.0000	0.0000	0.0000	0
12.867	0.1429	-0.0290	0.0101	0.0603	0.5078	0.0094	0.0000	0.0000	0.0000	0.0000	0.0000	0
12.933	0.0326	-0.0686	0.0113	0.0602	0.5090	0.0118	0.0000	0.0000	0.0000	0.0000	0.0000	0
13.000	-0.1116	-0.0668	0.0110	0.0605	0.5090	0.0207	0.0000	0.0000	0.0000	0.0000	0.0000	2
13.067	-0.2674	-0.0777	0.0151	0.0590	0.5085	0.0303	0.0000	0.0000	0.0000	0.0000	0.0000	0
13.133	-0.3360	0.0098	0.0113	0.0571	0.5103	0.0232	0.0000	0.0000	0.0000	0.0000	0.0000	0
13.200	-0.2302	0.0362	0.0125	0.0576	0.5095	0.0143	0.0000	0.0000	0.0000	0.0000	0.0000	0
13.267	0.0057	0.0131	0.0158	0.0598	0.5079	0.0175	0.0000	0.0000	0.0000	0.0000	0.0000	0
13.333	-0.0092	0.0173	0.0133	0.0585	0.5078	0.0153	0.0000	0.0000	0.0000	0.0000	0.0000	0
13.400	-0.1170	0.0964	0.0129	0.0555	0.5072	0.0204	0.0000	0.0000	0.0000	0.0000	0.0000	0
13.467	-0.0076	0.2477	0.0108	0.0537	0.4995	0.0113	0.0000	0.0000	0.0000	0.0000	0.0000	1
13.533	0.2832	0.4154	0.0123	0.0560	0.4974	0.0126	0.0000	0.0000	0.0000	0.0000	0.0000	0
13.600	0.3882	0.2727	0.0127	0.0597	0.4969	0.0234	0.0000	0.0000	0.0000	0.0000	0.0000	0
13.667	0.5502	0.1748	0.0145	0.0651	0.4845	0.0315	0.0000	0.0000	0.0000	0.0000	0.0000	0
13.733	0.2947	0.1384	0.0156	0.0681	0.4822	0.0345	0.0000	0.0000	0.0000	0.0000	0.0000	0
13.800	0.1900	0.0332	0.0120	0.0693	0.4834	0.0168	0.0000	0.0000	0.0000	0.0000	0.0000	0
13.867	0.1703	-0.0280	0.0127	0.0699	0.4831	0.0241	0.0000	0.0000	0.0000	0.0000	0.0000	0
13.933	0.1621	0.0035	0.0148	0.0695	0.4840	0.0153	0.0000	0.0000	0.0000	0.0000	0.0000	0
14.000	0.0074	-0.1211	0.0119	0.0683	0.4816	0.0133	0.0000	0.0000	0.0000	0.0000	0.0000	4
14.067	-0.0559	-0.1282	0.0147	0.0679	0.4801	0.0281	0.0000	0.0000	0.0000	0.0000	0.0000	0
14.133	-0.2384	-0.2377	0.0182	0.0639	0.4826	0.0547	0.0000	0.0000	0.0000	0.0000	0.0000	0
14.200	-0.6297	-0.0556	0.0142	0.0587	0.4808	0.0315	0.0000	0.0000	0.0000	0.0000	0.0000	0
14.267	-0.2962	0.1310	0.0109	0.0546	0.4824	0.0177	0.0000	0.0000	0.0000	0.0000	0.0000	0
14.333	-0.1341	0.5351	0.0125	0.0535	0.4782	0.0099	0.0000	0.0000	0.0000	0.0000	0.0000	0
14.400	0.2612	0.2579	0.0097	0.0555	0.4794	0.0121	0.0000	0.0000	0.0000	0.0000	0.0000	0
14.467	0.2954	0.2228	0.0126	0.0591	0.4754	0.0165	0.0000	0.0000	0.0000	0.0000	0.0000	1
14.533	0.2434	0.3037	0.0149	0.0642	0.4748	0.0259	0.0000	0.0000	0.0000	0.0000	0.0000	0
14.600	0.3017	0.0049	0.0137	0.0677	0.4739	0.0318	0.0000	0.0000	0.0000	0.0000	0.0000	0
14.667	0.2077	-0.0661	0.0127	0.0694	0.4690	0.0209	0.0000	0.0000	0.0000	0.0000	0.0000	0
14.733	0.2069	-0.0359	0.0160	0.0692	0.4682	0.0224	0.0000	0.0000	0.0000	0.0000	0.0000	0
14.800	0.1474	-0.0601	0.0123	0.0692	0.4673	0.0136	0.0000	0.0000	0.0000	0.0000	0.0000	0
14.867	0.1343	-0.0720	0.0146	0.0709	0.4678	0.0089	0.0000	0.0000	0.0000	0.0000	0.0000	0
14.933	0.1079	-0.0666	0.0153	0.0715	0.4671	0.0133	0.0000	0.0000	0.0000	0.0000	0.0000	0
15.000	0.0351	-0.1124	0.0165	0.0696	0.4707	0.0352	0.0000	0.0000	0.0000	0.0000	0.0000	2
15.067	-0.1341	-0.0100	0.0132	0.0663	0.4721	0.0249	0.0000	0.0000	0.0000	0.0000	0.0000	0
15.133	-0.3238	0.0059	0.0149	0.0617	0.4740	0.0254	0.0000	0.0000	0.0000	0.0000	0.0000	0
15.200	-0.2224	0.1756	0.0120	0.0599	0.4737	0.0086	0.0000	0.0000	0.0000	0.0000	0.0000	0
15.267	-0.1456	0.2424	0.0143	0.0587	0.4712	0.0222	0.0000	0.0000	0.0000	0.0000	0.0000	0
15.333	0.1809	0.0497	0.0118	0.0603	0.4699	0.0111	0.0000	0.0000	0.0000	0.0000	0.0000	0
15.400	0.2744	0.1077	0.0155	0.0623	0.4674	0.0113	0.0000	0.0000	0.0000	0.0000	0.0000	0
15.467	0.2591	0.2224	0.0131	0.0659	0.4660	0.0310	0.0000	0.0000	0.0000	0.0000	0.0000	1
15.533	0.3082	0.0168	0.0145	0.0705	0.4614	0.0367	0.0000	0.0000	0.0000	0.0000	0.0000	0
15.600	0.2258	-0.0929	0.0144	0.0737	0.4559	0.0219	0.0000	0.0000	0.0000	0.0000	0.0000	0
15.667	0.1750	-0.0517	0.0138	0.0764	0.4564	0.0209	0.0000	0.0000	0.0000	0.0000	0.0000	0
15.733	0.1819	-0.0606	0.0154	0.0778	0.4500	0.0187	0.0000	0.0000	0.0000	0.0000	0.0000	0
15.800	0.2138	-0.1055	0.0140	0.0774	0.4507	0.0175	0.0000	0.0000	0.0000	0.0000	0.0000	0
15.867	0.1768	-0.0169	0.0152	0.0772	0.4511	0.0155	0.0000	0.0000	0.0000	0.0000	0.0000	0
15.933	-0.1438	0.0629	0.0176	0.0732	0.4540	0.0525	0.0000	0.0000	0.0000	0.0000	0.0000	0
16.000	-0.4575	0.0626	0.0166	0.0647	0.4525	0.0458	0.0000	0.0000	0.0000	0.0000	0.0000	16
16.067	-0.4593	0.1358	0.0135	0.0570	0.4544	0.0229	0.0000	0.0000	0.0000	0.0000	0.0000	0
16.133	0.0314	0.1297	0.0117	0.0548	0.4540	0.0138	0.0000	0.0000	0.0000	0.0000	0.0000	0
16.200	0.2434	-0.2639	0.0098	0.0569	0.4517	0.0150	0.0000	0.0000	0.0000	0.0000	0.0000	0
16.267	0.6138	-0.1979	0.0118	0.0614	0.4490	0.0192	0.0000	0.0000	0.0000	0.0000	0.0000	0
16.333	0.9014	-0.1686	0.0150	0.0675	0.4449	0.0281	0.0000	0.0000	0.0000	0.0000	0.0000	0
16.400	0.4555	-0.0595	0.0119	0.0712	0.4431	0.0305	0.0000	0.0000	0.0000	0.0000	0.0000	0
16.467	0.6066	-0.0321	0.0149	0.0749	0.4407	0.0320	0.0000	0.0000	0.0000	0.0000	0.0000	1
16.533	0.3778	-0.0131	0.0138	0.0764	0.4394	0.0249	0.0000	0.0000	0.0000	0.0000	0.0000	0
16.600	0.2274	-0.0852	0.0159	0.0758	0.4415	0.0138	0.0000	0.0000	0.0000	0.0000	0.0000	0
16.667	-0.0066	0.0681	0.0184	0.0764	0.4458	0.0232	0.0000	0.0000	0.0000	0.0000	0.0000	0
16.733	-0.2164	-0.1356	0.0206	0.0710	0.4492	0.0783	0.0000	0.0000	0.0000	0.0000	0.0000	0
16.800	-1.0300	-0.0374	0.0156	0.0606	0.4508	0.0392	0.0000	0.0000	0.0000	0.0000	0.0000	0
16.867	-0.6995	-0.0244	0.0116	0.0537	0.4529	0.0246	0.0000	0.0000	0.0000	0.0000	0.0000	0
16.933	0.2660	0.3808	0.0103	0.0536	0.4498	0.0140	0.0000	0.0000	0.0000	0.0000	0.0000	0
17.000	0.8407	0.0080	0.0097	0.0573	0.4473	0.0197	0.0000	0.0000	0.0000	0.0000	0.0000	2
17.067	0.8717	-0.0673	0.0111	0.0614	0.4440	0.0209	0.0000	0.0000	0.0000	0.0000	0.0000	0
17.133	0.7545	-0.0532	0.0127	0.0654	0.4386	0.0313	0.0000	0.0000	0.0000	0.0000	0.0000	0
17.200	0.6296	-0.0235	0.0137	0.0681	0.4388	0.0293	0.0000	0.0000	0.0000	0.0000	0.0000	0
17.267	0.5007	-0.0308	0.0139	0.0706	0.4378	0.0224	0.0000	0.0000	0.0000	0.0000	0.0000	0
17.333	0.4386	-0.0029	0.0162	0.0726	0.4386	0.0234	0.0000	0.0000	0.0000	0.0000	0.0000	0
17.400	0.1764	0.0061	0.0149	0.0749	0.4370	0.0209	0.0000	0.0000	0.0000	0.0000	0.0000	0
17.467	-0.0023	-0.0651	0.0172	0.0753	0.4420	0.0192	0.0000	0.0000	0.0000	0.0000	0.0000	1
17.533	-0.2140	0.0539	0.0213	0.0700	0.4490	0.0766	0.0000	0.0000	0.0000	0.0000	0.0000	0
17.600	-0.5931	-0.1452	0.0142	0.0609	0.4515	0.0392	0.0000	0.0000	0.0000	0.0000	0.0000	0
17.667	-0.6062	-0.1121	0.0128	0.0534	0.4485	0.0227	0.0000	0.0000	0.0000	0.0000	0.0000	0
17.733	0.1374	0.0992	0.0089	0.0520	0.4456	0.0111	0.0000	0.0000	0.0000	0.0000	0.0000	0
17.800	1.1105	-0.0157	0.0096	0.0551	0.4448	0.0207	0.0000	0.0000	0.0000	0.0000	0.0000	0
17.867	1.3238	-0.0805	0.0137	0.0610	0.4449	0.0259	0.0000	0.0000	0.0000	0.0000	0.0000	0
17.933	0.6782	-0.0552	0.0118	0.0657	0.4445	0.0278	0.0000	0.0000	0.0000	0.0000	0.0000	0
18.000	0.6435	-0.0003	0.0140	0.0699	0.4363	0.0291	0.0000	0.0000	0.0000	0.0000	0.0000	4
18.067	0.6989	0.0175	0.0154	0.0732	0.4329	0.0308	0.0000	0.0000	0.0000	0.0000	0.0000	0
18.133	0.2873	-0.0224	0.0132	0.0757	0.4326	0.0251	0.0000	0.0000	0.0000	0.0000	0.0000	0
18.200	0.2380	-0.0086	0.0171	0.0760	0.4361	0.0170	0.0000	0.0000	0.0000	0.0000	0.0000	0
18.267	-0.1589	-0.0880	0.0178	0.0769	0.4384	0.0305	0.0000	0.0000	0.0000	0.0000	0.0000	0
18.333	-1.1522	0.0638	0.0195	0.0685	0.4420	0.0724	0.0000	0.0000	0.0000	0.0000	0.0000	0
18.400	-0.8543	-0.0541	0.0150	0.0582	0.4461	0.0372	0.0000	0.0000	0.0000	0.0000	0.0000	0
18.467	-0.2675	0.0453	0.0113	0.0521	0.4441	0.0202	0.0000	0.0000	0.0000	0.0000	0.0000	1
18.533	0.5477	-0.0296	0.0083	0.0533	0.4419	0.0148	0.0000	0.0000	0.0000	0.0000	0.0000	0
18.600	0.9497	-0.0956	0.0101	0.0564	0.4436	0.0150	0.0000	0.0000	0.0000	0.0000	0.0000	0
18.667	1.1886	-0.0115	0.0134	0.0620	0.4416	0.0296	0.0000	0.0000	0.0000	0.0000	0.0000	0
18.733	0.6767	0.0551	0.0110	0.0662	0.4386	0.0187	0.0000	0.0000	0.0000	0.0000	0.0000	0
18.800	0.6416	0.0019	0.0139	0.0714	0.4390	0.0355	0.0000	0.0000	0.0000	0.0000	0.0000	0
18.867	0.6335	-0.0636	0.0148	0.0741	0.4354	0.0387	0.0000	0.0000	0.0000	0.0000	0.0000	0
18.933	0.4379	0.0197	0.0147	0.0756	0.4346	0.0237	0.0000	0.0000	0.0000	0.0000	0.0000	0
19.000	0.2286	-0.1337	0.0168	0.0759	0.4383	0.0126	0.0000	0.0000	0.0000	0.0000	0.0000	2
19.067	-0.7279	0.0280	0.0204	0.0747	0.4435	0.0623	0.0000	0.0000	0.0000	0.0000	0.0000	0
19.133	-0.2189	-0.0782	0.0157	0.0669	0.4448	0.0596	0.0000	0.0000	0.0000	0.0000	0.0000	0
19.200	-0.7797	0.0233	0.0142	0.0570	0.4456	0.0313	0.0000	0.0000	0.0000	0.0000	0.0000	0
19.267	-0.3047	-0.0443	0.0110	0.0523	0.4456	0.0204	0.0000	0.0000	0.0000	0.0000	0.0000	0
19.333	0.6554	-0.0358	0.0087	0.0536	0.4424	0.0150	0.0000	0.0000	0.0000	0.0000	0.0000	0
19.400	1.4257	-0.2297	0.0123	0.0585	0.4408	0.0222	0.0000	0.0000	0.0000	0.0000	0.0000	0
19.467	0.9631	-0.1116	0.0113	0.0630	0.4384	0.0212	0.0000	0.0000	0.0000	0.0000	0.0000	1
19.533	0.8907	-0.0319	0.0143	0.0679	0.4358	0.0355	0.0000	0.0000	0.0000	0.0000	0.0000	0
19.600	0.6898	-0.0144	0.0149	0.0706	0.4339	0.0355	0.0000	0.0000	0.0000	0.0000	0.0000	0
19.667	0.5997	0.1348	0.0166	0.0732	0.4339	0.0249	0.0000	0.0000	0.0000	0.0000	0.0000	0
19.733	0.2655	0.0389	0.0133	0.0746	0.4337	0.0140	0.0000	0.0000	0.0000	0.0000	0.0000	0
19.800	-0.0841	-0.0463	0.0179	0.0763	0.4352	0.0234	0.0000	0.0000	0.0000	0.0000	0.0000	0
19.867	-1.2559	-0.0874	0.0197	0.0712	0.4425	0.0724	0.0000	0.0000	0.0000	0.0000	0.0000	0
19.933	-0.5838	0.0452	0.0153	0.0614	0.4465	0.0416	0.0000	0.0000	0.0000	0.0000	0.0000	0
20.000	-0.6221	0.0007	0.0136	0.0526	0.4403	0.0298	0.0000	0.0000	0.0000	0.0000	0.0000	8
20.067	0.2176	-0.0979	0.0078	0.0520	0.4394	0.0108	0.0000	0.0000	0.0000	0.0000	0.0000	0
20.133	1.3155	0.1474	0.0107	0.0558	0.4369	0.0185	0.0000	0.0000	0.0000	0.0000	0.0000	0
20.200	1.6417	0.0521	0.0142	0.0621	0.4356	0.0229	0.0000	0.0000	0.0000	0.0000	0.0000	0
20.267	0.8427	-0.0081	0.0117	0.0664	0.4360	0.0246	0.0000	0.0000	0.0000	0.0000	0.0000	0
20.333	0.7627	0.0026	0.0143	0.0702	0.4328	0.0310	0.0000	0.0000	0.0000	0.0000	0.0000	0
20.400	0.6939	0.0100	0.0164	0.0725	0.4301	0.0431	0.0000	0.0000	0.0000	0.0000	0.0000	0
20.467	0.3907	0.0204	0.0156	0.0749	0.4309	0.0190	0.0000	0.0000	0.0000	0.0000	0.0000	1
20.533	0.0915	-0.0209	0.0154	0.0775	0.4360	0.0192	0.0000	0.0000	0.0000	0.0000	0.0000	0
20.600	-0.0840	-0.0281	0.0175	0.0774	0.4373	0.0416	0.0000	0.0000	0.0000	0.0000	0.0000	0
20.667	-0.2377	0.1583	0.0199	0.0691	0.4429	0.0695	0.0000	0.0000	0.0000	0.0000	0.0000	0
20.733	-0.6347	-0.1027	0.0150	0.0588	0.4447	0.0389	0.0000	0.0000	0.0000	0.0000	0.0000	0
20.800	-0.2751	-0.1826	0.0114	0.0523	0.4424	0.0224	0.0000	0.0000	0.0000	0.0000	0.0000	0
20.867	0.5471	-0.0359	0.0079	0.0528	0.4416	0.0163	0.0000	0.0000	0.0000	0.0000	0.0000	0
20.933	1.1232	-0.1081	0.0103	0.0564	0.4405	0.0197	0.0000	0.0000	0.0000	0.0000	0.0000	0
21.000	1.0998	-0.0300	0.0117	0.0607	0.4402	0.0256	0.0000	0.0000	0.0000	0.0000	0.0000	2
21.067	0.8415	-0.0139	0.0126	0.0651	0.4382	0.0212	0.0000	0.0000	0.0000	0.0000	0.0000	0
21.133	0.6672	-0.0544	0.0132	0.0700	0.4358	0.0271	0.0000	0.0000	0.0000	0.0000	0.0000	0
21.200	0.6273	-0.1065	0.0149	0.0741	0.4351	0.0362	0.0000	0.0000	0.0000	0.0000	0.0000	0
21.267	0.4100	-0.0217	0.0153	0.0768	0.4344	0.0288	0.0000	0.0000	0.0000	0.0000	0.0000	0
21.333	0.2778	-0.0855	0.0184	0.0766	0.4380	0.0219	0.0000	0.0000	0.0000	0.0000	0.0000	0
21.400	-0.2194	-0.1175	0.0164	0.0761	0.4421	0.0419	0.0000	0.0000	0.0000	0.0000	0.0000	0
21.467	-2.0794	0.0165	0.0196	0.0686	0.4460	0.0705	0.0000	0.0000	0.0000	0.0000	0.0000	1
21.533	-1.0804	0.0098	0.0163	0.0570	0.4487	0.0382	0.0000	0.0000	0.0000	0.0000	0.0000	0
21.600	-0.1895	0.0172	0.0084	0.0527	0.4458	0.0145	0.0000	0.0000	0.0000	0.0000	0.0000	0
21.667	0.5718	0.1214	0.0091	0.0529	0.4408	0.0177	0.0000	0.0000	0.0000	0.0000	0.0000	0
21.733	1.6233	-0.0004	0.0120	0.0573	0.4390	0.0259	0.0000	0.0000	0.0000	0.0000	0.0000	0
21.800	1.1730	0.0406	0.0107	0.0615	0.4374	0.0227	0.0000	0.0000	0.0000	0.0000	0.0000	0
21.867	1.1118	0.0529	0.0135	0.0655	0.4367	0.0266	0.0000	0.0000	0.0000	0.0000	0.0000	0
21.933	0.7336	-0.0153	0.0144	0.0693	0.4359	0.0296	0.0000	0.0000	0.0000	0.0000	0.0000	0
22.000	0.5394	-0.0240	0.0165	0.0732	0.4377	0.0350	0.0000	0.0000	0.0000	0.0000	0.0000	4
22.067	0.5048	-0.0335	0.0174	0.0740	0.4396	0.0276	0.0000	0.0000	0.0000	0.0000	0.0000	0
22.133	-0.1626	0.0412	0.0185	0.0757	0.4440	0.0278	0.0000	0.0000	0.0000	0.0000	0.0000	0
22.200	-1.5775	0.0941	0.0178	0.0710	0.4446	0.0641	0.0000	0.0000	0.0000	0.0000	0.0000	0
22.267	-0.5380	-0.1861	0.0162	0.0609	0.4454	0.0439	0.0000	0.0000	0.0000	0.0000	0.0000	0
22.333	-0.4516	-0.1410	0.0118	0.0538	0.4447	0.0264	0.0000	0.0000	0.0000	0.0000	0.0000	0
22.400	0.3048	-0.1700	0.0103	0.0525	0.4420	0.0165	0.0000	0.0000	0.0000	0.0000	0.0000	0
22.467	1.0217	0.0950	0.0098	0.0564	0.4372	0.0182	0.0000	0.0000	0.0000	0.0000	0.0000	1
22.533	1.3985	0.0797	0.0133	0.0621	0.4361	0.0237	0.0000	0.0000	0.0000	0.0000	0.0000	0
22.600	0.8182	-0.0055	0.0120	0.0672	0.4357	0.0237	0.0000	0.0000	0.0000	0.0000	0.0000	0
22.667	0.6343	-0.1057	0.0158	0.0704	0.4363	0.0357	0.0000	0.0000	0.0000	0.0000	0.0000	0
22.733	0.4387	-0.0008	0.0137	0.0713	0.4372	0.0254	0.0000	0.0000	0.0000	0.0000	0.0000	0
22.800	0.6348	0.0107	0.0162	0.0729	0.4350	0.0237	0.0000	0.0000	0.0000	0.0000	0.0000	0
22.867	0.0496	-0.0073	0.0148	0.0750	0.4362	0.0172	0.0000	0.0000	0.0000	0.0000	0.0000	0
22.933	-0.2522	-0.0177	0.0212	0.0748	0.4402	0.0601	0.0000	0.0000	0.0000	0.0000	0.0000	0
23.000	-0.4230	-0.0802	0.0169	0.0654	0.4434	0.0515	0.0000	0.0000	0.0000	0.0000	0.0000	2
23.067	-0.7689	-0.3526	0.0139	0.0560	0.4462	0.0365	0.0000	0.0000	0.0000	0.0000	0.0000	0
23.133	-0.0683	0.5863	0.0105	0.0518	0.4426	0.0163	0.0000	0.0000	0.0000	0.0000	0.0000	0
23.200	0.7967	0.1658	0.0085	0.0538	0.4405	0.0158	0.0000	0.0000	0.0000	0.0000	0.0000	0
23.267	1.3085	-0.0859	0.0113	0.0586	0.4413	0.0185	0.0000	0.0000	0.0000	0.0000	0.0000	0
23.333	1.2747	-0.0334	0.0144	0.0643	0.4390	0.0347	0.0000	0.0000	0.0000	0.0000	0.0000	0
23.400	0.6811	-0.0083	0.0121	0.0675	0.4378	0.0229	0.0000	0.0000	0.0000	0.0000	0.0000	0
23.467	0.7379	0.0076	0.0157	0.0716	0.4343	0.0330	0.0000	0.0000	0.0000	0.0000	0.0000	1
23.533	0.3447	-0.0220	0.0132	0.0752	0.4343	0.0239	0.0000	0.0000	0.0000	0.0000	0.0000	0
23.600	0.2564	-0.1352	0.0177	0.0791	0.4353	0.0266	0.0000	0.0000	0.0000	0.0000	0.0000	0
23.667	0.1363	-0.0977	0.0161	0.0793	0.4375	0.0123	0.0000	0.0000	0.0000	0.0000	0.0000	0
23.733	-0.1081	-0.0444	0.0190	0.0758	0.4453	0.0552	0.0000	0.0000	0.0000	0.0000	0.0000	0
23.800	-0.2923	0.1251	0.0166	0.0683	0.4447	0.0668	0.0000	0.0000	0.0000	0.0000	0.0000	0
23.867	-1.1186	0.2289	0.0164	0.0566	0.4468	0.0377	0.0000	0.0000	0.0000	0.0000	0.0000	0
23.933	-0.0812	-0.0434	0.0093	0.0522	0.4472	0.0123	0.0000	0.0000	0.0000	0.0000	0.0000	0
24.000	0.6534	-0.0345	0.0083	0.0527	0.4412	0.0133	0.0000	0.0000	0.0000	0.0000	0.0000	16
24.067	1.4293	-0.0567	0.0120	0.0574	0.4419	0.0195	0.0000	0.0000	0.0000	0.0000	0.0000	0
24.133	1.0711	-0.0799	0.0121	0.0625	0.4402	0.0239	0.0000	0.0000	0.0000	0.0000	0.0000	0
24.200	0.6992	-0.0673	0.0114	0.0673	0.4360	0.0239	0.0000	0.0000	0.0000	0.0000	0.0000	0
24.267	0.7895	-0.0391	0.0158	0.0728	0.4335	0.0382	0.0000	0.0000	0.0000	0.0000	0.0000	0
24.333	0.4070	-0.0450	0.0140	0.0763	0.4342	0.0342	0.0000	0.0000	0.0000	0.0000	0.0000	0
24.400	0.3966	-0.1067	0.0179	0.0767	0.4373	0.0271	0.0000	0.0000	0.0000	0.0000	0.0000	0
24.467	-0.0634	-0.1093	0.0140	0.0754	0.4369	0.0180	0.0000	0.0000	0.0000	0.0000	0.0000	1
24.533	-1.8316	-0.1181	0.0242	0.0717	0.4450	0.0833	0.0000	0.0000	0.0000	0.0000	0.0000	0
24.600	-0.4215	-0.0609	0.0146	0.0629	0.4469	0.0451	0.0000	0.0000	0.0000	0.0000	0.0000	0
24.667	-0.5403	-0.0018	0.0127	0.0546	0.4448	0.0283	0.0000	0.0000	0.0000	0.0000	0.0000	0
24.733	0.2482	0.2994	0.0097	0.0524	0.4446	0.0081	0.0000	0.0000	0.0000	0.0000	0.0000	0
24.800	1.0534	-0.0435	0.0092	0.0550	0.4410	0.0200	0.0000	0.0000	0.0000	0.0000	0.0000	0
24.867	1.1561	0.0388	0.0112	0.0595	0.4389	0.0222	0.0000	0.0000	0.0000	0.0000	0.0000	0
24.933	0.9817	0.0388	0.0130	0.0641	0.4360	0.0256	0.0000	0.0000	0.0000	0.0000	0.0000	0
25.000	0.7692	-0.0584	0.0138	0.0679	0.4351	0.0310	0.0000	0.0000	0.0000	0.0000	0.0000	2
25.067	0.8039	-0.0845	0.0154	0.0704	0.4350	0.0241	0.0000	0.0000	0.0000	0.0000	0.0000	0
25.133	0.5648	0.0453	0.0152	0.0714	0.4357	0.0296	0.0000	0.0000	0.0000	0.0000	0.0000	0
25.200	-0.1786	-0.0514	0.0172	0.0739	0.4381	0.0229	0.0000	0.0000	0.0000	0.0000	0.0000	0
25.267	-0.2103	-0.0261	0.0189	0.0732	0.4401	0.0613	0.0000	0.0000	0.0000	0.0000	0.0000	0
25.333	-0.4138	-0.0100	0.0182	0.0626	0.4443	0.0574	0.0000	0.0000	0.0000	0.0000	0.0000	0
25.400	-0.4914	-0.0375	0.0117	0.0550	0.4408	0.0224	0.0000	0.0000	0.0000	0.0000	0.0000	0
25.467	0.0562	0.0066	0.0096	0.0521	0.4394	0.0197	0.0000	0.0000	0.0000	0.0000	0.0000	1
25.533	1.2773	0.0165	0.0118	0.0564	0.4408	0.0204	0.0000	0.0000	0.0000	0.0000	0.0000	0
25.600	1.0714	-0.0260	0.0120	0.0623	0.4382	0.0234	0.0000	0.0000	0.0000	0.0000	0.0000	0
25.667	1.1610	-0.0392	0.0144	0.0670	0.4376	0.0298	0.0000	0.0000	0.0000	0.0000	0.0000	0
25.733	0.9367	0.0044	0.0157	0.0701	0.4344	0.0350	0.0000	0.0000	0.0000	0.0000	0.0000	0
25.800	0.8325	0.0318	0.0169	0.0717	0.4308	0.0310	0.0000	0.0000	0.0000	0.0000	0.0000	0
25.867	0.3318	-0.0326	0.0130	0.0729	0.4300	0.0168	0.0000	0.0000	0.0000	0.0000	0.0000	0
25.933	-0.1445	-0.0075	0.0179	0.0761	0.4338	0.0192	0.0000	0.0000	0.0000	0.0000	0.0000	0
26.000	-0.6048	-0.0395	0.0204	0.0753	0.4386	0.0517	0.0000	0.0000	0.0000	0.0000	0.0000	4
26.067	-0.6538	0.0333	0.0182	0.0662	0.4416	0.0562	0.0000	0.0000	0.0000	0.0000	0.0000	0
26.133	-0.6757	-0.1489	0.0150	0.0559	0.4444	0.0340	0.0000	0.0000	0.0000	0.0000	0.0000	0
26.200	-0.1522	0.0825	0.0085	0.0523	0.4426	0.0214	0.0000	0.0000	0.0000	0.0000	0.0000	0
26.267	0.9904	0.0499	0.0094	0.0538	0.4410	0.0126	0.0000	0.0000	0.0000	0.0000	0.0000	0
26.333	1.6254	0.0219	0.0123	0.0591	0.4415	0.0241	0.0000	0.0000	0.0000	0.0000	0.0000	0
26.400	0.9007	-0.0045	0.0103	0.0630	0.4401	0.0239	0.0000	0.0000	0.0000	0.0000	0.0000	0
26.467	0.8361	-0.0036	0.0124	0.0670	0.4367	0.0269	0.0000	0.0000	0.0000	0.0000	0.0000	1
26.533	0.7661	-0.0435	0.0142	0.0717	0.4332	0.0345	0.0000	0.0000	0.0000	0.0000	0.0000	0
26.600	0.3616	-0.0079	0.0126	0.0757	0.4335	0.0259	0.0000	0.0000	0.0000	0.0000	0.0000	0
26.667	0.4810	-0.0836	0.0175	0.0785	0.4318	0.0305	0.0000	0.0000	0.0000	0.0000	0.0000	0
26.733	0.1874	-0.0545	0.0148	0.0790	0.4356	0.0214	0.0000	0.0000	0.0000	0.0000	0.0000	0
26.800	-0.1100	-0.0793	0.0204	0.0772	0.4437	0.0448	0.0000	0.0000	0.0000	0.0000	0.0000	0
26.867	-0.2285	-0.1348	0.0166	0.0710	0.4432	0.0645	0.0000	0.0000	0.0000	0.0000	0.0000	0
26.933	-0.5180	-0.1847	0.0172	0.0599	0.4450	0.0508	0.0000	0.0000	0.0000	0.0000	0.0000	0
27.000	-0.2787	0.1533	0.0096	0.0540	0.4444	0.0168	0.0000	0.0000	0.0000	0.0000	0.0000	2
27.067	0.3406	0.2919	0.0097	0.0521	0.4436	0.0126	0.0000	0.0000	0.0000	0.0000	0.0000	0
27.133	1.3162	-0.0421	0.0110	0.0561	0.4408	0.0207	0.0000	0.0000	0.0000	0.0000	0.0000	0
27.200	0.9938	-0.0126	0.0102	0.0607	0.4395	0.0187	0.0000	0.0000	0.0000	0.0000	0.0000	0
27.267	0.9418	0.0852	0.0139	0.0673	0.4363	0.0305	0.0000	0.0000	0.0000	0.0000	0.0000	0
27.333	0.4868	0.0513	0.0133	0.0715	0.4364	0.0286	0.0000	0.0000	0.0000	0.0000	0.0000	0
27.400	0.6818	0.0015	0.0183	0.0725	0.4349	0.0377	0.0000	0.0000	0.0000	0.0000	0.0000	0
27.467	0.3860	0.0005	0.0141	0.0722	0.4349	0.0192	0.0000	0.0000	0.0000	0.0000	0.0000	1
27.533	-0.1130	0.0129	0.0175	0.0747	0.4416	0.0293	0.0000	0.0000	0.0000	0.0000	0.0000	0
27.600	-2.3396	0.0021	0.0222	0.0721	0.4410	0.0815	0.0000	0.0000	0.0000	0.0000	0.0000	0
27.667	-1.7611	0.1238	0.0192	0.0594	0.4426	0.0522	0.0000	0.0000	0.0000	0.0000	0.0000	0
27.733	-0.4075	0.0387	0.0110	0.0531	0.4416	0.0209	0.0000	0.0000	0.0000	0.0000	0.0000	0
27.800	0.3541	0.0394	0.0079	0.0522	0.4401	0.0123	0.0000	0.0000	0.0000	0.0000	0.0000	0
27.867	1.2319	0.0446	0.0100	0.0547	0.4356	0.0234	0.0000	0.0000	0.0000	0.0000	0.0000	0
27.933	1.6295	-0.0513	0.0126	0.0601	0.4360	0.0214	0.0000	0.0000	0.0000	0.0000	0.0000	0
28.000	1.0001	-0.0501	0.0123	0.0645	0.4348	0.0259	0.0000	0.0000	0.0000	0.0000	0.0000	8
28.067	1.0147	-0.0830	0.0170	0.0668	0.4362	0.0330	0.0000	0.0000	0.0000	0.0000	0.0000	0
28.133	0.5653	-0.0439	0.0148	0.0672	0.4361	0.0234	0.0000	0.0000	0.0000	0.0000	0.0000	0
28.200	0.3605	-0.0947	0.0149	0.0696	0.4368	0.0251	0.0000	0.0000	0.0000	0.0000	0.0000	0
28.267	-0.1151	-0.0942	0.0220	0.0737	0.4407	0.0254	0.0000	0.0000	0.0000	0.0000	0.0000	0
28.333	-0.1825	-0.1219	0.0168	0.0690	0.4420	0.0557	0.0000	0.0000	0.0000	0.0000	0.0000	0
28.400	-0.2561	0.0048	0.0134	0.0612	0.4441	0.0414	0.0000	0.0000	0.0000	0.0000	0.0000	0
28.467	-0.4537	0.0835	0.0111	0.0546	0.4438	0.0229	0.0000	0.0000	0.0000	0.0000	0.0000	1
28.533	0.0250	0.0787	0.0084	0.0525	0.4386	0.0150	0.0000	0.0000	0.0000	0.0000	0.0000	0
28.600	0.7653	0.2806	0.0088	0.0540	0.4386	0.0113	0.0000	0.0000	0.0000	0.0000	0.0000	0
28.667	1.0812	0.1199	0.0097	0.0568	0.4381	0.0192	0.0000	0.0000	0.0000	0.0000	0.0000	0
28.733	1.0837	-0.0138	0.0134	0.0618	0.4372	0.0256	0.0000	0.0000	0.0000	0.0000	0.0000	0
28.800	0.6099	0.0188	0.0115	0.0653	0.4375	0.0177	0.0000	0.0000	0.0000	0.0000	0.0000	0
28.867	0.4367	0.0347	0.0138	0.0700	0.4353	0.0342	0.0000	0.0000	0.0000	0.0000	0.0000	0
28.933	0.1407	-0.0064	0.0106	0.0730	0.4338	0.0123	0.0000	0.0000	0.0000	0.0000	0.0000	0
29.000	-0.0221	0.0591	0.0157	0.0753	0.4316	0.0155	0.0000	0.0000	0.0000	0.0000	0.0000	2
29.067	-0.2816	0.0016	0.0123	0.0736	0.4351	0.0392	0.0000	0.0000	0.0000	0.0000	0.0000	0
29.133	-1.1454	0.0481	0.0156	0.0651	0.4396	0.0414	0.0000	0.0000	0.0000	0.0000	0.0000	0
29.200	-1.1753	-0.0027	0.0123	0.0556	0.4437	0.0308	0.0000	0.0000	0.0000	0.0000	0.0000	0
29.267	-0.1102	0.0666	0.0064	0.0522	0.4404	0.0091	0.0000	0.0000	0.0000	0.0000	0.0000	0
29.333	0.4742	0.1001	0.0067	0.0526	0.4387	0.0101	0.0000	0.0000	0.0000	0.0000	0.0000	0
29.400	1.2482	0.0368	0.0091	0.0544	0.4393	0.0197	0.0000	0.0000	0.0000	0.0000	0.0000	0
29.467	0.9519	0.0286	0.0084	0.0570	0.4362	0.0138	0.0000	0.0000	0.0000	0.0000	0.0000	1
29.533	1.1064	-0.0512	0.0114	0.0622	0.4365	0.0204	0.0000	0.0000	0.0000	0.0000	0.0000	0
29.600	0.5572	-0.0547	0.0097	0.0670	0.4346	0.0200	0.0000	0.0000	0.0000	0.0000	0.0000	0
29.667	0.3409	-0.0509	0.0114	0.0714	0.4354	0.0180	0.0000	0.0000	0.0000	0.0000	0.0000	0
29.733	0.2492	0.0057	0.0124	0.0744	0.4373	0.0200	0.0000	0.0000	0.0000	0.0000	0.0000	0
29.800	-0.1553	-0.0089	0.0119	0.0741	0.4378	0.0244	0.0000	0.0000	0.0000	0.0000	0.0000	0
29.867	-0.7220	-0.0211	0.0165	0.0658	0.4411	0.0537	0.0000	0.0000	0.0000	0.0000	0.0000	0
29.933	-0.6676	-0.0272	0.0094	0.0590	0.4437	0.0261	0.0000	0.0000	0.0000	0.0000	0.0000	0
30.000	-0.4939	-0.0054	0.0089	0.0526	0.4307	0.0192	0.0000	0.0000	0.0000	0.0000	0.0000	4
30.067	0.1545	0.0903	0.0051	0.0514	0.4298	0.0062	0.0000	0.0000	0.0000	0.0000	0.0000	0
30.133	0.6498	0.0402	0.0057	0.0527	0.4293	0.0103	0.0000	0.0000	0.0000	0.0000	0.0000	0
30.200	0.9726	-0.0536	0.0080	0.0557	0.4260	0.0163	0.0000	0.0000	0.0000	0.0000	0.0000	0
30.267	0.9454	-0.0656	0.0094	0.0590	0.4262	0.0217	0.0000	0.0000	0.0000	0.0000	0.0000	0
30.333	0.7936	-0.0540	0.0124	0.0628	0.4272	0.0217	0.0000	0.0000	0.0000	0.0000	0.0000	0
30.400	0.3160	0.0180	0.0110	0.0658	0.4292	0.0214	0.0000	0.0000	0.0000	0.0000	0.0000	0
30.467	0.1193	0.1317	0.0148	0.0697	0.4320	0.0249	0.0000	0.0000	0.0000	0.0000	0.0000	1
30.533	-0.1465	0.0748	0.0107	0.0702	0.4311	0.0239	0.0000	0.0000	0.0000	0.0000	0.0000	0
30.600	-0.7335	0.0922	0.0144	0.0639	0.4333	0.0495	0.0000	0.0000	0.0000	0.0000	0.0000	0
30.667	-1.2486	0.1003	0.0118	0.0557	0.4315	0.0298	0.0000	0.0000	0.0000	0.0000	0.0000	0
30.733	-0.2527	-0.0214	0.0057	0.0520	0.4298	0.0113	0.0000	0.0000	0.0000	0.0000	0.0000	0
30.800	0.2301	-0.1436	0.0052	0.0512	0.4284	0.0094	0.0000	0.0000	0.0000	0.0000	0.0000	0
30.867	0.8649	-0.0789	0.0076	0.0527	0.4299	0.0207	0.0000	0.0000	0.0000	0.0000	0.0000	0
30.933	0.8050	0.0551	0.0077	0.0546	0.4284	0.0168	0.0000	0.0000	0.0000	0.0000	0.0000	0
31.000	0.9903	0.1103	0.0124	0.0567	0.4267	0.0232	0.0000	0.0000	0.0000	0.0000	0.0000	2
31.067	0.4591	0.0191	0.0098	0.0586	0.4259	0.0160	0.0000	0.0000	0.0000	0.0000	0.0000	0
31.133	0.1927	-0.0069	0.0121	0.0634	0.4290	0.0185	0.0000	0.0000	0.0000	0.0000	0.0000	0
31.200	0.0904	0.0057	0.0107	0.0670	0.4297	0.0197	0.0000	0.0000	0.0000	0.0000	0.0000	0
31.267	-0.1055	0.1290	0.0117	0.0687	0.4305	0.0276	0.0000	0.0000	0.0000	0.0000	0.0000	0
31.333	-0.9095	0.1466	0.0135	0.0626	0.4332	0.0387	0.0000	0.0000	0.0000	0.0000	0.0000	0
31.400	-0.7478	0.0435	0.0082	0.0569	0.4317	0.0212	0.0000	0.0000	0.0000	0.0000	0.0000	0
31.467	-0.4425	-0.0768	0.0074	0.0516	0.4301	0.0155	0.0000	0.0000	0.0000	0.0000	0.0000	1
31.533	0.1062	-0.1153	0.0046	0.0501	0.4270	0.0103	0.0000	0.0000	0.0000	0.0000	0.0000	0
31.600	0.6890	0.0214	0.0065	0.0506	0.4276	0.0170	0.0000	0.0000	0.0000	0.0000	0.0000	0
31.667	1.0503	0.0696	0.0090	0.0526	0.4269	0.0246	0.0000	0.0000	0.0000	0.0000	0.0000	0
31.733	0.6874	-0.0021	0.0074	0.0548	0.4258	0.0111	0.0000	0.0000	0.0000	0.0000	0.0000	0
31.800	0.4952	-0.0958	0.0086	0.0592	0.4270	0.0128	0.0000	0.0000	0.0000	0.0000	0.0000	0
31.867	0.0858	-0.0900	0.0071	0.0620	0.4268	0.0099	0.0000	0.0000	0.0000	0.0000	0.0000	0
31.933	0.0014	-0.1177	0.0083	0.0647	0.4269	0.0091	0.0000	0.0000	0.0000	0.0000	0.0000	0
32.000	-0.3125	-0.0805	0.0102	0.0638	0.4314	0.0288	0.0000	0.0000	0.0000	0.0000	0.0000	16
32.067	-0.7681	-0.0300	0.0087	0.0591	0.4347	0.0192	0.0000	0.0000	0.0000	0.0000	0.0000	0
32.133	-0.8940	0.0011	0.0078	0.0531	0.4336	0.0202	0.0000	0.0000	0.0000	0.0000	0.0000	0
32.200	-0.2050	0.0247	0.0038	0.0508	0.4337	0.0096	0.0000	0.0000	0.0000	0.0000	0.0000	0
32.267	0.1346	0.1160	0.0037	0.0502	0.4341	0.0096	0.0000	0.0000	0.0000	0.0000	0.0000	0
32.333	0.6181	0.1254	0.0057	0.0517	0.4320	0.0138	0.0000	0.0000	0.0000	0.0000	0.0000	0
32.400	0.5793	0.0157	0.0057	0.0535	0.4315	0.0099	0.0000	0.0000	0.0000	0.0000	0.0000	0
32.467	0.7625	-0.0586	0.0080	0.0559	0.4300	0.0136	0.0000	0.0000	0.0000	0.0000	0.0000	1
32.533	0.4882	-0.0373	0.0074	0.0596	0.4305	0.0126	0.0000	0.0000	0.0000	0.0000	0.0000	0
32.600	0.2792	-0.1791	0.0087	0.0626	0.4312	0.0148	0.0000	0.0000	0.0000	0.0000	0.0000	0
32.667	-0.0276	-0.1048	0.0069	0.0647	0.4327	0.0128	0.0000	0.0000	0.0000	0.0000	0.0000	0
32.733	-0.5978	-0.0923	0.0106	0.0618	0.4354	0.0261	0.0000	0.0000	0.0000	0.0000	0.0000	0
32.800	-0.8125	-0.0554	0.0087	0.0567	0.4338	0.0224	0.0000	0.0000	0.0000	0.0000	0.0000	0
32.867	-0.3610	0.0533	0.0053	0.0534	0.4336	0.0101	0.0000	0.0000	0.0000	0.0000	0.0000	0
32.933	-0.1141	0.1082	0.0038	0.0514	0.4321	0.0076	0.0000	0.0000	0.0000	0.0000	0.0000	0
33.000	0.1911	0.1375	0.0035	0.0513	0.4290	0.0047	0.0000	0.0000	0.0000	0.0000	0.0000	2
33.067	0.5464	0.0516	0.0054	0.0529	0.4272	0.0138	0.0000	0.0000	0.0000	0.0000	0.0000	0
33.133	0.7630	-0.0309	0.0076	0.0546	0.4273	0.0192	0.0000	0.0000	0.0000	0.0000	0.0000	0
33.200	0.4790	-0.0379	0.0075	0.0561	0.4285	0.0106	0.0000	0.0000	0.0000	0.0000	0.0000	0
33.267	0.5409	-0.0985	0.0097	0.0595	0.4289	0.0185	0.0000	0.0000	0.0000	0.0000	0.0000	0
33.333	0.1068	-0.1213	0.0073	0.0626	0.4316	0.0133	0.0000	0.0000	0.0000	0.0000	0.0000	0
33.400	-0.1772	-0.0757	0.0090	0.0640	0.4338	0.0182	0.0000	0.0000	0.0000	0.0000	0.0000	0
33.467	-0.6426	-0.0464	0.0086	0.0609	0.4332	0.0256	0.0000	0.0000	0.0000	0.0000	0.0000	1
33.533	-1.0049	-0.0417	0.0085	0.0553	0.4334	0.0219	0.0000	0.0000	0.0000	0.0000	0.0000	0
33.600	-0.3065	0.0883	0.0049	0.0519	0.4292	0.0096	0.0000	0.0000	0.0000	0.0000	0.0000	0
33.667	0.0524	0.1402	0.0034	0.0503	0.4276	0.0071	0.0000	0.0000	0.0000	0.0000	0.0000	0
33.733	0.4603	0.1549	0.0050	0.0503	0.4281	0.0165	0.0000	0.0000	0.0000	0.0000	0.0000	0
33.800	0.6561	0.0274	0.0068	0.0512	0.4273	0.0207	0.0000	0.0000	0.0000	0.0000	0.0000	0
33.867	0.5428	-0.0415	0.0061	0.0524	0.4295	0.0096	0.0000	0.0000	0.0000	0.0000	0.0000	0
33.933	0.6726	-0.0612	0.0088	0.0561	0.4281	0.0133	0.0000	0.0000	0.0000	0.0000	0.0000	0
34.000	0.3603	-0.0140	0.0082	0.0604	0.4217	0.0165	0.0000	0.0000	0.0000	0.0000	0.0000	4
34.067	0.0480	-0.1938	0.0082	0.0638	0.4233	0.0103	0.0000	0.0000	0.0000	0.0000	0.0000	0
34.133	-0.2018	-0.0364	0.0074	0.0642	0.4274	0.0168	0.0000	0.0000	0.0000	0.0000	0.0000	0
34.200	-0.8383	0.0120	0.0098	0.0601	0.4300	0.0244	0.0000	0.0000	0.0000	0.0000	0.0000	0
34.267	-0.9395	0.0505	0.0079	0.0545	0.4282	0.0195	0.0000	0.0000	0.0000	0.0000	0.0000	0
34.333	-0.2804	0.0332	0.0038	0.0516	0.4257	0.0089	0.0000	0.0000	0.0000	0.0000	0.0000	0
34.400	-0.0293	0.0765	0.0030	0.0495	0.4263	0.0106	0.0000	0.0000	0.0000	0.0000	0.0000	0
34.467	0.3044	0.0667	0.0034	0.0494	0.4243	0.0113	0.0000	0.0000	0.0000	0.0000	0.0000	1
34.533	0.5324	0.0473	0.0045	0.0505	0.4248	0.0131	0.0000	0.0000	0.0000	0.0000	0.0000	0
34.600	0.6473	0.0320	0.0057	0.0531	0.4223	0.0091	0.0000	0.0000	0.0000	0.0000	0.0000	0
34.667	0.4442	-0.0137	0.0052	0.0555	0.4229	0.0089	0.0000	0.0000	0.0000	0.0000	0.0000	0
34.733	0.4291	0.0188	0.0061	0.0588	0.4227	0.0086	0.0000	0.0000	0.0000	0.0000	0.0000	0
34.800	0.1490	-0.0970	0.0061	0.0619	0.4232	0.0131	0.0000	0.0000	0.0000	0.0000	0.0000	0
34.867	-0.2559	-0.0046	0.0055	0.0607	0.4248	0.0128	0.0000	0.0000	0.0000	0.0000	0.0000	0
34.933	-0.6809	0.0220	0.0073	0.0565	0.4251	0.0170	0.0000	0.0000	0.0000	0.0000	0.0000	0
35.000	-0.3730	0.0135	0.0039	0.0540	0.4256	0.0101	0.0000	0.0000	0.0000	0.0000	0.0000	2
35.067	-0.2341	0.0081	0.0027	0.0522	0.4247	0.0057	0.0000	0.0000	0.0000	0.0000	0.0000	0
35.133	-0.0442	0.0092	0.0018	0.0512	0.4248	0.0052	0.0000	0.0000	0.0000	0.0000	0.0000	0
35.200	0.1305	0.0003	0.0019	0.0514	0.4249	0.0069	0.0000	0.0000	0.0000	0.0000	0.0000	0
35.267	0.3014	0.0126	0.0034	0.0523	0.4251	0.0111	0.0000	0.0000	0.0000	0.0000	0.0000	0
35.333	0.2611	0.0024	0.0032	0.0534	0.4236	0.0049	0.0000	0.0000	0.0000	0.0000	0.0000	0
35.400	0.3761	0.0057	0.0044	0.0550	0.4232	0.0059	0.0000	0.0000	0.0000	0.0000	0.0000	0
35.467	0.2486	-0.0087	0.0038	0.0572	0.4234	0.0062	0.0000	0.0000	0.0000	0.0000	0.0000	1
35.533	-0.0430	-0.0107	0.0031	0.0579	0.4250	0.0121	0.0000	0.0000	0.0000	0.0000	0.0000	0
35.600	-0.4474	-0.0015	0.0052	0.0558	0.4247	0.0145	0.0000	0.0000	0.0000	0.0000	0.0000	0
35.667	-0.3021	-0.0030	0.0033	0.0543	0.4258	0.0079	0.0000	0.0000	0.0000	0.0000	0.0000	0
35.733	-0.2418	0.0009	0.0024	0.0528	0.4257	0.0047	0.0000	0.0000	0.0000	0.0000	0.0000	0
35.800	-0.1253	-0.0015	0.0016	0.0518	0.4257	0.0037	0.0000	0.0000	0.0000	0.0000	0.0000	0
35.867	0.0349	-0.0013	0.0016	0.0515	0.4257	0.0071	0.0000	0.0000	0.0000	0.0000	0.0000	0
35.933	0.1605	0.0077	0.0023	0.0516	0.4258	0.0071	0.0000	0.0000	0.0000	0.0000	0.0000	0
36.000	0.1980	0.0099	0.0028	0.0520	0.4243	0.0067	0.0000	0.0000	0.0000	0.0000	0.0000	8
36.067	0.2998	0.0063	0.0037	0.0535	0.4251	0.0047	0.0000	0.0000	0.0000	0.0000	0.0000	0
36.133	0.2796	0.0072	0.0035	0.0553	0.4248	0.0042	0.0000	0.0000	0.0000	0.0000	0.0000	0
36.200	0.1770	-0.0273	0.0032	0.0572	0.4241	0.0062	0.0000	0.0000	0.0000	0.0000	0.0000	0
36.267	-0.0762	-0.0083	0.0031	0.0580	0.4258	0.0071	0.0000	0.0000	0.0000	0.0000	0.0000	0
36.333	-0.3400	-0.0058	0.0043	0.0566	0.4278	0.0118	0.0000	0.0000	0.0000	0.0000	0.0000	0
36.400	-0.5149	-0.0041	0.0047	0.0539	0.4281	0.0131	0.0000	0.0000	0.0000	0.0000	0.0000	0
36.467	-0.2512	-0.0028	0.0029	0.0519	0.4275	0.0094	0.0000	0.0000	0.0000	0.0000	0.0000	1
36.533	-0.1451	0.0132	0.0024	0.0500	0.4272	0.0076	0.0000	0.0000	0.0000	0.0000	0.0000	0
36.600	0.0609	0.0260	0.0023	0.0491	0.4277	0.0059	0.0000	0.0000	0.0000	0.0000	0.0000	0
36.667	0.2279	0.0446	0.0031	0.0494	0.4264	0.0081	0.0000	0.0000	0.0000	0.0000	0.0000	0
36.733	0.4201	-0.0077	0.0048	0.0512	0.4262	0.0086	0.0000	0.0000	0.0000	0.0000	0.0000	0
36.800	0.3378	0.0046	0.0042	0.0534	0.4259	0.0067	0.0000	0.0000	0.0000	0.0000	0.0000	0
36.867	0.4086	0.0428	0.0055	0.0567	0.4266	0.0081	0.0000	0.0000	0.0000	0.0000	0.0000	0
36.933	0.1982	-0.0782	0.0045	0.0594	0.4272	0.0099	0.0000	0.0000	0.0000	0.0000	0.0000	0
37.000	-0.1713	-0.0067	0.0049	0.0598	0.4275	0.0094	0.0000	0.0000	0.0000	0.0000	0.0000	2
37.067	-0.5712	-0.0071	0.0062	0.0562	0.4301	0.0136	0.0000	0.0000	0.0000	0.0000	0.0000	0
37.133	-0.4276	0.0086	0.0042	0.0533	0.4304	0.0089	0.0000	0.0000	0.0000	0.0000	0.0000	0
37.200	-0.3165	0.0066	0.0034	0.0507	0.4300	0.0103	0.0000	0.0000	0.0000	0.0000	0.0000	0
37.267	-0.0772	0.0086	0.0017	0.0495	0.4302	0.0027	0.0000	0.0000	0.0000	0.0000	0.0000	0
37.333	0.1110	0.0250	0.0021	0.0494	0.4293	0.0074	0.0000	0.0000	0.0000	0.0000	0.0000	0
37.400	0.2842	0.0217	0.0034	0.0507	0.4281	0.0081	0.0000	0.0000	0.0000	0.0000	0.0000	0
37.467	0.4244	-0.0103	0.0043	0.0523	0.4275	0.0084	0.0000	0.0000	0.0000	0.0000	0.0000	1
37.533	0.4547	-0.0101	0.0048	0.0546	0.4272	0.0081	0.0000	0.0000	0.0000	0.0000	0.0000	0
37.600	0.3718	0.0229	0.0049	0.0568	0.4285	0.0062	0.0000	0.0000	0.0000	0.0000	0.0000	0
37.667	0.1187	-0.0372	0.0050	0.0591	0.4294	0.0138	0.0000	0.0000	0.0000	0.0000	0.0000	0
37.733	-0.3241	-0.0004	0.0051	0.0576	0.4297	0.0143	0.0000	0.0000	0.0000	0.0000	0.0000	0
37.800	-0.6129	0.0060	0.0056	0.0545	0.4300	0.0123	0.0000	0.0000	0.0000	0.0000	0.0000	0
37.867	-0.4744	-0.0007	0.0039	0.0520	0.4313	0.0094	0.0000	0.0000	0.0000	0.0000	0.0000	0
37.933	-0.2038	0.0101	0.0024	0.0504	0.4318	0.0049	0.0000	0.0000	0.0000	0.0000	0.0000	0
38.000	0.0249	0.0211	0.0023	0.0497	0.4257	0.0052	0.0000	0.0000	0.0000	0.0000	0.0000	4
38.067	0.2165	0.0163	0.0028	0.0501	0.4266	0.0094	0.0000	0.0000	0.0000	0.0000	0.0000	0
38.133	0.4129	-0.0199	0.0041	0.0513	0.4265	0.0099	0.0000	0.0000	0.0000	0.0000	0.0000	0
38.200	0.4796	-0.0219	0.0047	0.0529	0.4274	0.0071	0.0000	0.0000	0.0000	0.0000	0.0000	0
38.267	0.5489	-0.0011	0.0060	0.0558	0.4273	0.0089	0.0000	0.0000	0.0000	0.0000	0.0000	0
38.333	0.1818	0.0295	0.0039	0.0575	0.4260	0.0049	0.0000	0.0000	0.0000	0.0000	0.0000	0
38.400	0.0139	-0.0045	0.0044	0.0593	0.4252	0.0150	0.0000	0.0000	0.0000	0.0000	0.0000	0
38.467	-0.5745	0.0210	0.0070	0.0572	0.4291	0.0131	0.0000	0.0000	0.0000	0.0000	0.0000	1
38.533	-0.5422	0.0100	0.0048	0.0545	0.4291	0.0103	0.0000	0.0000	0.0000	0.0000	0.0000	0
38.600	-0.4529	-0.0008	0.0039	0.0518	0.4292	0.0091	0.0000	0.0000	0.0000	0.0000	0.0000	0
38.667	-0.1961	0.0046	0.0027	0.0497	0.4303	0.0084	0.0000	0.0000	0.0000	0.0000	0.0000	0
38.733	0.0613	0.0016	0.0018	0.0489	0.4295	0.0071	0.0000	0.0000	0.0000	0.0000	0.0000	0
38.800	0.3349	-0.0107	0.0036	0.0494	0.4279	0.0101	0.0000	0.0000	0.0000	0.0000	0.0000	0
38.867	0.3569	-0.0161	0.0037	0.0507	0.4274	0.0076	0.0000	0.0000	0.0000	0.0000	0.0000	0
38.933	0.5263	-0.0039	0.0052	0.0534	0.4254	0.0094	0.0000	0.0000	0.0000	0.0000	0.0000	0
39.000	0.3986	-0.0111	0.0050	0.0564	0.4255	0.0089	0.0000	0.0000	0.0000	0.0000	0.0000	2
39.067	0.2681	0.0086	0.0049	0.0589	0.4274	0.0074	0.0000	0.0000	0.0000	0.0000	0.0000	0
39.133	-0.0486	0.0403	0.0042	0.0598	0.4261	0.0140	0.0000	0.0000	0.0000	0.0000	0.0000	0
39.200	-0.5341	0.0123	0.0069	0.0571	0.4286	0.0131	0.0000	0.0000	0.0000	0.0000	0.0000	0
39.267	-0.7042	0.0240	0.0060	0.0532	0.4297	0.0158	0.0000	0.0000	0.0000	0.0000	0.0000	0
39.333	-0.2922	0.0146	0.0030	0.0511	0.4293	0.0064	0.0000	0.0000	0.0000	0.0000	0.0000	0
39.400	-0.1496	-0.0078	0.0020	0.0496	0.4303	0.0059	0.0000	0.0000	0.0000	0.0000	0.0000	0
39.467	0.0910	-0.0199	0.0018	0.0492	0.4302	0.0047	0.0000	0.0000	0.0000	0.0000	0.0000	1
39.533	0.3055	-0.0202	0.0031	0.0504	0.4299	0.0054	0.0000	0.0000	0.0000	0.0000	0.0000	0
39.600	0.5087	-0.0163	0.0050	0.0525	0.4289	0.0103	0.0000	0.0000	0.0000	0.0000	0.0000	0
39.667	0.3733	-0.0105	0.0041	0.0544	0.4270	0.0057	0.0000	0.0000	0.0000	0.0000	0.0000	0
39.733	0.5426	-0.0014	0.0061	0.0573	0.4269	0.0091	0.0000	0.0000	0.0000	0.0000	0.0000	0
39.800	0.1691	0.0289	0.0041	0.0591	0.4270	0.0091	0.0000	0.0000	0.0000	0.0000	0.0000	0
39.867	-0.3007	0.0651	0.0060	0.0580	0.4287	0.0148	0.0000	0.0000	0.0000	0.0000	0.0000	0
39.933	-0.6589	0.0163	0.0060	0.0547	0.4312	0.0121	0.0000	0.0000	0.0000	0.0000	0.0000	0
40.000	-0.6060	-0.0049	0.0050	0.0518	0.4260	0.0138	0.0000	0.0000	0.0000	0.0000	0.0000	16
40.067	-0.2185	-0.0190	0.0023	0.0504	0.4268	0.0057	0.0000	0.0000	0.0000	0.0000	0.0000	0
40.133	0.0022	-0.0255	0.0015	0.0501	0.4266	0.0034	0.0000	0.0000	0.0000	0.0000	0.0000	0
40.200	0.2753	-0.0320	0.0033	0.0507	0.4261	0.0071	0.0000	0.0000	0.0000	0.0000	0.0000	0
40.267	0.3296	-0.0047	0.0037	0.0517	0.4259	0.0081	0.0000	0.0000	0.0000	0.0000	0.0000	0
40.333	0.4538	-0.0113	0.0048	0.0532	0.4254	0.0116	0.0000	0.0000	0.0000	0.0000	0.0000	0
40.400	0.4684	0.0029	0.0051	0.0552	0.4259	0.0071	0.0000	0.0000	0.0000	0.0000	0.0000	0
40.467	0.4075	0.0305	0.0059	0.0580	0.4265	0.0074	0.0000	0.0000	0.0000	0.0000	0.0000	1
40.533	-0.0345	0.0673	0.0050	0.0597	0.4275	0.0180	0.0000	0.0000	0.0000	0.0000	0.0000	0
40.600	-0.4730	0.0098	0.0061	0.0577	0.4275	0.0116	0.0000	0.0000	0.0000	0.0000	0.0000	0
40.667	-0.6645	-0.0095	0.0059	0.0547	0.4286	0.0128	0.0000	0.0000	0.0000	0.0000	0.0000	0
40.733	-0.4579	-0.0309	0.0039	0.0523	0.4286	0.0076	0.0000	0.0000	0.0000	0.0000	0.0000	0
40.800	-0.1744	-0.0309	0.0024	0.0504	0.4285	0.0081	0.0000	0.0000	0.0000	0.0000	0.0000	0
40.867	0.0344	-0.0285	0.0020	0.0495	0.4275	0.0027	0.0000	0.0000	0.0000	0.0000	0.0000	0
40.933	0.2892	-0.0176	0.0037	0.0496	0.4264	0.0143	0.0000	0.0000	0.0000	0.0000	0.0000	0
41.000	0.3926	-0.0156	0.0042	0.0508	0.4255	0.0059	0.0000	0.0000	0.0000	0.0000	0.0000	2
41.067	0.3479	-0.0047	0.0038	0.0526	0.4252	0.0059	0.0000	0.0000	0.0000	0.0000	0.0000	0
41.133	0.4476	0.0067	0.0051	0.0553	0.4244	0.0091	0.0000	0.0000	0.0000	0.0000	0.0000	0
41.200	0.4543	0.0378	0.0066	0.0589	0.4252	0.0094	0.0000	0.0000	0.0000	0.0000	0.0000	0
41.267	-0.0007	-0.0029	0.0042	0.0608	0.4253	0.0138	0.0000	0.0000	0.0000	0.0000	0.0000	0
41.333	-0.5871	-0.0085	0.0077	0.0581	0.4294	0.0160	0.0000	0.0000	0.0000	0.0000	0.0000	0
41.400	-0.6444	-0.0069	0.0057	0.0546	0.4285	0.0128	0.0000	0.0000	0.0000	0.0000	0.0000	0
41.467	-0.3614	-0.0076	0.0035	0.0521	0.4298	0.0084	0.0000	0.0000	0.0000	0.0000	0.0000	1
41.533	-0.1981	-0.0113	0.0026	0.0501	0.4306	0.0047	0.0000	0.0000	0.0000	0.0000	0.0000	0
41.600	0.0446	-0.0170	0.0016	0.0494	0.4295	0.0057	0.0000	0.0000	0.0000	0.0000	0.0000	0
41.667	0.2832	-0.0130	0.0033	0.0499	0.4284	0.0126	0.0000	0.0000	0.0000	0.0000	0.0000	0
41.733	0.3079	-0.0074	0.0037	0.0516	0.4267	0.0086	0.0000	0.0000	0.0000	0.0000	0.0000	0
41.800	0.4195	-0.0005	0.0044	0.0535	0.4258	0.0071	0.0000	0.0000	0.0000	0.0000	0.0000	0
41.867	0.5385	-0.0089	0.0059	0.0566	0.4258	0.0091	0.0000	0.0000	0.0000	0.0000	0.0000	0
41.933	0.2895	0.0151	0.0051	0.0591	0.4269	0.0059	0.0000	0.0000	0.0000	0.0000	0.0000	0
42.000	-0.2432	0.0520	0.0061	0.0586	0.4288	0.0209	0.0000	0.0000	0.0000	0.0000	0.0000	4
42.067	-0.5414	0.0067	0.0054	0.0559	0.4302	0.0113	0.0000	0.0000	0.0000	0.0000	0.0000	0
42.133	-0.6494	-0.0110	0.0051	0.0527	0.4314	0.0123	0.0000	0.0000	0.0000	0.0000	0.0000	0
42.200	-0.2320	-0.0101	0.0024	0.0511	0.4306	0.0052	0.0000	0.0000	0.0000	0.0000	0.0000	0
42.267	-0.0493	-0.0205	0.0017	0.0502	0.4314	0.0049	0.0000	0.0000	0.0000	0.0000	0.0000	0
42.333	0.2495	-0.0199	0.0035	0.0509	0.4297	0.0126	0.0000	0.0000	0.0000	0.0000	0.0000	0
42.400	0.5551	-0.0180	0.0057	0.0519	0.4295	0.0128	0.0000	0.0000	0.0000	0.0000	0.0000	0
42.467	0.6295	0.0098	0.0063	0.0537	0.4305	0.0140	0.0000	0.0000	0.0000	0.0000	0.0000	1
42.533	0.6546	-0.0134	0.0083	0.0570	0.4288	0.0108	0.0000	0.0000	0.0000	0.0000	0.0000	0
42.600	0.6196	-0.0046	0.0114	0.0620	0.4373	0.0165	0.0000	0.0000	0.0000	0.0000	0.0000	0
42.667	0.0703	0.0628	0.0079	0.0650	0.4407	0.0187	0.0000	0.0000	0.0000	0.0000	0.0000	0
42.733	-0.7469	0.0429	0.0112	0.0622	0.4406	0.0426	0.0000	0.0000	0.0000	0.0000	0.0000	0
42.800	-1.3773	0.0205	0.0105	0.0553	0.4326	0.0266	0.0000	0.0000	0.0000	0.0000	0.0000	0
42.867	-0.5073	-0.0230	0.0052	0.0516	0.4335	0.0131	0.0000	0.0000	0.0000	0.0000	0.0000	0
42.933	-0.1090	-0.0384	0.0042	0.0488	0.4342	0.0091	0.0000	0.0000	0.0000	0.0000	0.0000	0
43.000	0.3380	-0.0321	0.0056	0.0478	0.4325	0.0209	0.0000	0.0000	0.0000	0.0000	0.0000	2
43.067	0.9479	0.0228	0.0083	0.0489	0.4312	0.0241	0.0000	0.0000	0.0000	0.0000	0.0000	0
43.133	1.3349	-0.0114	0.0109	0.0530	0.4295	0.0143	0.0000	0.0000	0.0000	0.0000	0.0000	0
43.200	0.5301	-0.0196	0.0091	0.0571	0.4296	0.0123	0.0000	0.0000	0.0000	0.0000	0.0000	0
43.267	0.3100	0.0164	0.0105	0.0606	0.4343	0.0128	0.0000	0.0000	0.0000	0.0000	0.0000	0
43.333	0.2841	0.0943	0.0097	0.0638	0.4363	0.0155	0.0000	0.0000	0.0000	0.0000	0.0000	0
43.400	-0.1623	0.0322	0.0102	0.0665	0.4374	0.0281	0.0000	0.0000	0.0000	0.0000	0.0000	0
43.467	-1.7340	0.1080	0.0154	0.0593	0.4368	0.0387	0.0000	0.0000	0.0000	0.0000	0.0000	1
43.533	-1.0426	-0.0298	0.0084	0.0529	0.4363	0.0244	0.0000	0.0000	0.0000	0.0000	0.0000	0
43.600	-0.4005	0.0140	0.0071	0.0475	0.4365	0.0138	0.0000	0.0000	0.0000	0.0000	0.0000	0
43.667	1.0698	0.0286	0.0082	0.0490	0.4342	0.0261	0.0000	0.0000	0.0000	0.0000	0.0000	0
43.733	1.4843	-0.0146	0.0106	0.0536	0.4337	0.0200	0.0000	0.0000	0.0000	0.0000	0.0000	0
43.800	1.2947	-0.0015	0.0120	0.0592	0.4328	0.0256	0.0000	0.0000	0.0000	0.0000	0.0000	0
43.867	0.6973	-0.0456	0.0116	0.0653	0.4348	0.0227	0.0000	0.0000	0.0000	0.0000	0.0000	0
43.933	0.2904	-0.0345	0.0118	0.0698	0.4328	0.0209	0.0000	0.0000	0.0000	0.0000	0.0000	0
44.000	0.3221	0.0190	0.0119	0.0720	0.4287	0.0158	0.0000	0.0000	0.0000	0.0000	0.0000	8
44.067	0.1338	-0.0407	0.0123	0.0705	0.4311	0.0187	0.0000	0.0000	0.0000	0.0000	0.0000	0
44.133	-2.2002	-0.0252	0.0228	0.0657	0.4331	0.0569	0.0000	0.0000	0.0000	0.0000	0.0000	0
44.200	-1.6936	-0.0528	0.0125	0.0571	0.4348	0.0320	0.0000	0.0000	0.0000	0.0000	0.0000	0
44.267	-0.7678	-0.0321	0.0088	0.0506	0.4338	0.0222	0.0000	0.0000	0.0000	0.0000	0.0000	0
44.333	0.3755	0.0825	0.0063	0.0498	0.4357	0.0111	0.0000	0.0000	0.0000	0.0000	0.0000	0
44.400	0.9090	0.0449	0.0072	0.0526	0.4345	0.0136	0.0000	0.0000	0.0000	0.0000	0.0000	0
44.467	1.1687	-0.0161	0.0096	0.0576	0.4331	0.0204	0.0000	0.0000	0.0000	0.0000	0.0000	1
44.533	1.1004	0.0002	0.0115	0.0634	0.4324	0.0269	0.0000	0.0000	0.0000	0.0000	0.0000	0
44.600	0.5653	0.0164	0.0106	0.0672	0.4320	0.0227	0.0000	0.0000	0.0000	0.0000	0.0000	0
44.667	0.5848	-0.0051	0.0146	0.0707	0.4326	0.0414	0.0000	0.0000	0.0000	0.0000	0.0000	0
44.733	0.4237	-0.0400	0.0147	0.0708	0.4319	0.0187	0.0000	0.0000	0.0000	0.0000	0.0000	0
44.800	-0.1355	0.0673	0.0155	0.0737	0.4366	0.0333	0.0000	0.0000	0.0000	0.0000	0.0000	0
44.867	-1.8182	0.0383	0.0181	0.0696	0.4405	0.0670	0.0000	0.0000	0.0000	0.0000	0.0000	0
44.933	-1.4902	0.0931	0.0156	0.0586	0.4400	0.0426	0.0000	0.0000	0.0000	0.0000	0.0000	0
45.000	-0.4701	-0.0139	0.0083	0.0531	0.4382	0.0153	0.0000	0.0000	0.0000	0.0000	0.0000	2
45.067	0.0995	0.0097	0.0070	0.0520	0.4357	0.0123	0.0000	0.0000	0.0000	0.0000	0.0000	0
45.133	0.9669	0.0290	0.0089	0.0547	0.4339	0.0180	0.0000	0.0000	0.0000	0.0000	0.0000	0
45.200	1.3252	-0.1115	0.0104	0.0579	0.4320	0.0291	0.0000	0.0000	0.0000	0.0000	0.0000	0
45.267	0.9950	-0.0331	0.0122	0.0618	0.4374	0.0237	0.0000	0.0000	0.0000	0.0000	0.0000	0
45.333	0.8737	-0.0101	0.0170	0.0628	0.4353	0.0365	0.0000	0.0000	0.0000	0.0000	0.0000	0
45.400	0.4949	-0.0309	0.0133	0.0641	0.4372	0.0150	0.0000	0.0000	0.0000	0.0000	0.0000	0
45.467	0.4576	0.0191	0.0196	0.0708	0.4387	0.0446	0.0000	0.0000	0.0000	0.0000	0.0000	1
45.533	-0.1495	0.0250	0.0137	0.0730	0.4393	0.0224	0.0000	0.0000	0.0000	0.0000	0.0000	0
45.600	-1.8960	-0.0056	0.0190	0.0687	0.4430	0.0628	0.0000	0.0000	0.0000	0.0000	0.0000	0
45.667	-0.8118	-0.1174	0.0133	0.0599	0.4438	0.0340	0.0000	0.0000	0.0000	0.0000	0.0000	0
45.733	-0.4230	-0.1799	0.0111	0.0532	0.4426	0.0209	0.0000	0.0000	0.0000	0.0000	0.0000	0
45.800	0.9078	-0.0073	0.0126	0.0561	0.4398	0.0209	0.0000	0.0000	0.0000	0.0000	0.0000	0
45.867	1.2513	0.0534	0.0128	0.0625	0.4396	0.0335	0.0000	0.0000	0.0000	0.0000	0.0000	0
45.933	1.0942	-0.0159	0.0151	0.0682	0.4381	0.0355	0.0000	0.0000	0.0000	0.0000	0.0000	0
46.000	0.9577	0.0080	0.0170	0.0708	0.4305	0.0254	0.0000	0.0000	0.0000	0.0000	0.0000	4
46.067	0.5598	0.0340	0.0126	0.0741	0.4302	0.0264	0.0000	0.0000	0.0000	0.0000	0.0000	0
46.133	0.6185	-0.0035	0.0169	0.0781	0.4304	0.0365	0.0000	0.0000	0.0000	0.0000	0.0000	0
46.200	0.5163	-0.0639	0.0162	0.0806	0.4343	0.0254	0.0000	0.0000	0.0000	0.0000	0.0000	0
46.267	0.2959	-0.0629	0.0147	0.0813	0.4366	0.0160	0.0000	0.0000	0.0000	0.0000	0.0000	0
46.333	-0.1485	-0.1330	0.0224	0.0811	0.4439	0.0660	0.0000	0.0000	0.0000	0.0000	0.0000	0
46.400	-0.9265	-0.1155	0.0241	0.0708	0.4481	0.0899	0.0000	0.0000	0.0000	0.0000	0.0000	0
46.467	-0.7200	0.1700	0.0171	0.0582	0.4515	0.0443	0.0000	0.0000	0.0000	0.0000	0.0000	1
46.533	-0.1124	-0.0095	0.0111	0.0524	0.4546	0.0232	0.0000	0.0000	0.0000	0.0000	0.0000	0
46.600	1.0878	0.1295	0.0118	0.0532	0.4534	0.0163	0.0000	0.0000	0.0000	0.0000	0.0000	0
46.667	1.1840	-0.0249	0.0103	0.0576	0.4501	0.0172	0.0000	0.0000	0.0000	0.0000	0.0000	0
46.733	1.1091	-0.0679	0.0123	0.0629	0.4468	0.0214	0.0000	0.0000	0.0000	0.0000	0.0000	0
46.800	0.9181	-0.0444	0.0144	0.0684	0.4421	0.0308	0.0000	0.0000	0.0000	0.0000	0.0000	0
46.867	0.5365	-0.0094	0.0124	0.0727	0.4394	0.0301	0.0000	0.0000	0.0000	0.0000	0.0000	0
46.933	0.5717	-0.0440	0.0153	0.0768	0.4364	0.0402	0.0000	0.0000	0.0000	0.0000	0.0000	0
47.000	0.5066	-0.0638	0.0166	0.0799	0.4354	0.0328	0.0000	0.0000	0.0000	0.0000	0.0000	2
47.067	0.3772	0.0401	0.0196	0.0788	0.4360	0.0394	0.0000	0.0000	0.0000	0.0000	0.0000	0
47.133	0.1051	0.0229	0.0176	0.0759	0.4403	0.0370	0.0000	0.0000	0.0000	0.0000	0.0000	0
47.200	-0.2708	-0.0446	0.0200	0.0717	0.4473	0.0628	0.0000	0.0000	0.0000	0.0000	0.0000	0
47.267	0.0357	0.1881	0.0172	0.0680	0.4481	0.0751	0.0000	0.0000	0.0000	0.0000	0.0000	0
47.333	-0.2346	-0.1463	0.0174	0.0573	0.4490	0.0288	0.0000	0.0000	0.0000	0.0000	0.0000	0
47.400	0.2152	0.2387	0.0130	0.0545	0.4495	0.0190	0.0000	0.0000	0.0000	0.0000	0.0000	0
47.467	1.6449	0.0345	0.0151	0.0620	0.4459	0.0308	0.0000	0.0000	0.0000	0.0000	0.0000	1
47.533	0.9297	-0.0503	0.0150	0.0705	0.4395	0.0291	0.0000	0.0000	0.0000	0.0000	0.0000	0
47.600	0.6084	-0.0111	0.0157	0.0770	0.4340	0.0490	0.0000	0.0000	0.0000	0.0000	0.0000	0
47.667	0.4633	0.0189	0.0151	0.0798	0.4320	0.0411	0.0000	0.0000	0.0000	0.0000	0.0000	0
47.733	0.3980	0.0440	0.0147	0.0801	0.4310	0.0325	0.0000	0.0000	0.0000	0.0000	0.0000	0
47.800	0.5936	0.0251	0.0172	0.0780	0.4327	0.0296	0.0000	0.0000	0.0000	0.0000	0.0000	0
47.867	0.2043	0.0308	0.0177	0.0764	0.4385	0.0108	0.0000	0.0000	0.0000	0.0000	0.0000	0
47.933	-3.6575	4.1888	0.0290	0.0765	0.4387	0.0862	0.0000	0.0000	0.0000	0.0000	0.0000	0
48.000	-0.1948	0.1629	0.0189	0.0653	0.4424	0.0695	0.0000	0.0000	0.0000	0.0000	0.0000	16
48.067	-0.4120	-0.0438	0.0150	0.0556	0.4456	0.0305	0.0000	0.0000	0.0000	0.0000	0.0000	0
48.133	0.2337	-0.1735	0.0126	0.0550	0.4456	0.0168	0.0000	0.0000	0.0000	0.0000	0.0000	0
48.200	1.3297	-0.1650	0.0147	0.0610	0.4409	0.0291	0.0000	0.0000	0.0000	0.0000	0.0000	0
48.267	0.8078	-0.0159	0.0126	0.0673	0.4357	0.0237	0.0000	0.0000	0.0000	0.0000	0.0000	0
48.333	0.7926	-0.0080	0.0164	0.0724	0.4326	0.0357	0.0000	0.0000	0.0000	0.0000	0.0000	0
48.400	0.8353	-0.0189	0.0185	0.0731	0.4289	0.0448	0.0000	0.0000	0.0000	0.0000	0.0000	0
48.467	0.7198	-0.0233	0.0193	0.0725	0.4278	0.0278	0.0000	0.0000	0.0000	0.0000	0.0000	1
48.533	0.5426	0.0486	0.0188	0.0739	0.4317	0.0320	0.0000	0.0000	0.0000	0.0000	0.0000	0
48.600	0.3855	-0.0960	0.0219	0.0762	0.4383	0.0360	0.0000	0.0000	0.0000	0.0000	0.0000	0
48.667	0.0625	-0.0751	0.0208	0.0759	0.4471	0.0298	0.0000	0.0000	0.0000	0.0000	0.0000	0
48.733	0.0893	0.0950	0.0227	0.0721	0.4538	0.0638	0.0000	0.0000	0.0000	0.0000	0.0000	0
48.800	-0.0401	-0.0252	0.0186	0.0668	0.4585	0.0515	0.0000	0.0000	0.0000	0.0000	0.0000	0
48.867	-0.0039	0.0998	0.0179	0.0618	0.4589	0.0224	0.0000	0.0000	0.0000	0.0000	0.0000	0
48.933	0.0777	0.4692	0.0197	0.0592	0.4580	0.0108	0.0000	0.0000	0.0000	0.0000	0.0000	0
49.000	0.1842	-0.1006	0.0151	0.0616	0.4563	0.0145	0.0000	0.0000	0.0000	0.0000	0.0000	2
49.067	0.2404	-0.1458	0.0173	0.0683	0.4562	0.0296	0.0000	0.0000	0.0000	0.0000	0.0000	0
49.133	0.3998	-0.0533	0.0191	0.0757	0.4534	0.0421	0.0000	0.0000	0.0000	0.0000	0.0000	0
49.200	0.4868	-0.0026	0.0160	0.0787	0.4505	0.0367	0.0000	0.0000	0.0000	0.0000	0.0000	0
49.267	0.4252	0.0070	0.0140	0.0794	0.4506	0.0180	0.0000	0.0000	0.0000	0.0000	0.0000	0
49.333	0.5054	-0.0051	0.0167	0.0795	0.4492	0.0239	0.0000	0.0000	0.0000	0.0000	0.0000	0
49.400	0.2619	0.0401	0.0145	0.0791	0.4517	0.0177	0.0000	0.0000	0.0000	0.0000	0.0000	0
49.467	0.3743	0.0941	0.0172	0.0781	0.4567	0.0200	0.0000	0.0000	0.0000	0.0000	0.0000	1
49.533	0.2744	0.1585	0.0197	0.0761	0.4608	0.0163	0.0000	0.0000	0.0000	0.0000	0.0000	0
49.600	0.1313	-0.1296	0.0169	0.0734	0.4664	0.0229	0.0000	0.0000	0.0000	0.0000	0.0000	0
49.667	0.0191	-0.2072	0.0224	0.0683	0.4747	0.0712	0.0000	0.0000	0.0000	0.0000	0.0000	0
49.733	-0.2267	-0.1908	0.0163	0.0633	0.4790	0.0579	0.0000	0.0000	0.0000	0.0000	0.0000	0
49.800	-0.0800	0.6107	0.0183	0.0563	0.4812	0.0365	0.0000	0.0000	0.0000	0.0000	0.0000	0
49.867	-0.2296	0.3484	0.0147	0.0494	0.4819	0.0207	0.0000	0.0000	0.0000	0.0000	0.0000	0
49.933	0.5870	-0.2320	0.0130	0.0508	0.4754	0.0158	0.0000	0.0000	0.0000	0.0000	0.0000	0
50.000	1.2649	0.0536	0.0161	0.0576	0.4691	0.0229	0.0000	0.0000	0.0000	0.0000	0.0000	4
50.067	0.7501	0.1845	0.0137	0.0630	0.4665	0.0200	0.0000	0.0000	0.0000	0.0000	0.0000	0
50.133	0.6482	0.0947	0.0158	0.0687	0.4609	0.0338	0.0000	0.0000	0.0000	0.0000	0.0000	0
50.200	0.4718	0.0641	0.0147	0.0726	0.4530	0.0392	0.0000	0.0000	0.0000	0.0000	0.0000	0
50.267	0.4693	0.0522	0.0147	0.0757	0.4458	0.0333	0.0000	0.0000	0.0000	0.0000	0.0000	0
50.333	0.3667	-0.0055	0.0148	0.0774	0.4389	0.0345	0.0000	0.0000	0.0000	0.0000	0.0000	0
50.400	0.3001	-0.0582	0.0154	0.0788	0.4352	0.0291	0.0000	0.0000	0.0000	0.0000	0.0000	0
50.467	0.3392	-0.1575	0.0162	0.0786	0.4372	0.0239	0.0000	0.0000	0.0000	0.0000	0.0000	1
50.533	0.3460	-0.1136	0.0164	0.0774	0.4428	0.0086	0.0000	0.0000	0.0000	0.0000	0.0000	0
50.600	-3.6575	0.0050	0.0255	0.0750	0.4512	0.0591	0.0000	0.0000	0.0000	0.0000	0.0000	0
50.667	-0.1228	0.1195	0.0169	0.0686	0.4553	0.0680	0.0000	0.0000	0.0000	0.0000	0.0000	0
50.733	-0.1035	0.0673	0.0186	0.0629	0.4574	0.0466	0.0000	0.0000	0.0000	0.0000	0.0000	0
50.800	-0.2422	-0.0105	0.0170	0.0536	0.4570	0.0278	0.0000	0.0000	0.0000	0.0000	0.0000	0
50.867	0.7797	1.0565	0.0134	0.0558	0.4542	0.0217	0.0000	0.0000	0.0000	0.0000	0.0000	0
50.933	1.6310	0.4708	0.0165	0.0639	0.4537	0.0207	0.0000	0.0000	0.0000	0.0000	0.0000	0
51.000	0.8619	0.2100	0.0173	0.0709	0.4480	0.0340	0.0000	0.0000	0.0000	0.0000	0.0000	2
51.067	0.4411	0.1646	0.0154	0.0755	0.4403	0.0431	0.0000	0.0000	0.0000	0.0000	0.0000	0
51.133	0.3853	0.0944	0.0152	0.0787	0.4377	0.0362	0.0000	0.0000	0.0000	0.0000	0.0000	0
51.200	0.3178	0.0476	0.0164	0.0790	0.4378	0.0303	0.0000	0.0000	0.0000	0.0000	0.0000	0
51.267	0.2928	0.0466	0.0162	0.0784	0.4386	0.0222	0.0000	0.0000	0.0000	0.0000	0.0000	0
51.333	0.5500	0.0018	0.0193	0.0765	0.4428	0.0288	0.0000	0.0000	0.0000	0.0000	0.0000	0
51.400	0.1622	-0.0753	0.0168	0.0759	0.4477	0.0256	0.0000	0.0000	0.0000	0.0000	0.0000	0
51.467	-0.2556	-0.0567	0.0233	0.0744	0.4551	0.0594	0.0000	0.0000	0.0000	0.0000	0.0000	1
51.533	-0.0832	-0.1513	0.0187	0.0677	0.4580	0.0764	0.0000	0.0000	0.0000	0.0000	0.0000	0
51.600	-0.3013	0.0264	0.0185	0.0572	0.4595	0.0365	0.0000	0.0000	0.0000	0.0000	0.0000	0
51.667	0.0500	0.0376	0.0124	0.0550	0.4597	0.0113	0.0000	0.0000	0.0000	0.0000	0.0000	0
51.733	0.5818	0.2165	0.0126	0.0578	0.4549	0.0170	0.0000	0.0000	0.0000	0.0000	0.0000	0
51.800	0.8628	0.1569	0.0150	0.0641	0.4531	0.0222	0.0000	0.0000	0.0000	0.0000	0.0000	0
51.867	0.6913	0.0646	0.0184	0.0716	0.4508	0.0313	0.0000	0.0000	0.0000	0.0000	0.0000	0
51.933	0.3005	0.0251	0.0145	0.0754	0.4410	0.0426	0.0000	0.0000	0.0000	0.0000	0.0000	0
52.000	0.3577	0.0160	0.0152	0.0773	0.4381	0.0382	0.0000	0.0000	0.0000	0.0000	0.0000	8
52.067	0.5994	0.0104	0.0181	0.0777	0.4368	0.0229	0.0000	0.0000	0.0000	0.0000	0.0000	0
52.133	0.3389	-0.0092	0.0147	0.0782	0.4383	0.0237	0.0000	0.0000	0.0000	0.0000	0.0000	0
52.200	0.3902	-0.0800	0.0176	0.0779	0.4399	0.0241	0.0000	0.0000	0.0000	0.0000	0.0000	0
52.267	0.1928	0.0755	0.0165	0.0759	0.4419	0.0239	0.0000	0.0000	0.0000	0.0000	0.0000	0
52.333	-0.0865	0.0359	0.0197	0.0740	0.4500	0.0264	0.0000	0.0000	0.0000	0.0000	0.0000	0
52.400	-0.1056	-0.0999	0.0212	0.0690	0.4581	0.0761	0.0000	0.0000	0.0000	0.0000	0.0000	0
52.467	-0.0339	0.2370	0.0181	0.0611	0.4608	0.0463	0.0000	0.0000	0.0000	0.0000	0.0000	1
52.533	0.0335	-0.5377	0.0154	0.0552	0.4617	0.0227	0.0000	0.0000	0.0000	0.0000	0.0000	0
52.600	0.1892	0.6242	0.0146	0.0570	0.4612	0.0121	0.0000	0.0000	0.0000	0.0000	0.0000	0
52.667	0.2711	0.1334	0.0147	0.0613	0.4605	0.0190	0.0000	0.0000	0.0000	0.0000	0.0000	0
52.733	0.5822	0.0703	0.0174	0.0684	0.4527	0.0320	0.0000	0.0000	0.0000	0.0000	0.0000	0
52.800	0.4015	0.0355	0.0156	0.0734	0.4468	0.0389	0.0000	0.0000	0.0000	0.0000	0.0000	0
52.867	0.3057	0.0270	0.0141	0.0767	0.4423	0.0315	0.0000	0.0000	0.0000	0.0000	0.0000	0
52.933	0.4947	-0.0121	0.0175	0.0780	0.4398	0.0409	0.0000	0.0000	0.0000	0.0000	0.0000	0
53.000	0.2791	0.0031	0.0139	0.0778	0.4372	0.0207	0.0000	0.0000	0.0000	0.0000	0.0000	2
53.067	0.3467	0.0768	0.0187	0.0775	0.4401	0.0333	0.0000	0.0000	0.0000	0.0000	0.0000	0
53.133	0.3028	0.0062	0.0157	0.0761	0.4429	0.0190	0.0000	0.0000	0.0000	0.0000	0.0000	0
53.200	-0.0101	-0.1068	0.0206	0.0761	0.4487	0.0126	0.0000	0.0000	0.0000	0.0000	0.0000	0
53.267	-0.2768	0.0841	0.0201	0.0732	0.4542	0.0510	0.0000	0.0000	0.0000	0.0000	0.0000	0
53.333	-0.0627	-0.0362	0.0204	0.0644	0.4579	0.0872	0.0000	0.0000	0.0000	0.0000	0.0000	0
53.400	-0.1827	-0.2972	0.0178	0.0560	0.4623	0.0318	0.0000	0.0000	0.0000	0.0000	0.0000	0
53.467	0.0255	0.1729	0.0119	0.0529	0.4607	0.0123	0.0000	0.0000	0.0000	0.0000	0.0000	1
53.533	1.3834	-0.0512	0.0150	0.0583	0.4589	0.0229	0.0000	0.0000	0.0000	0.0000	0.0000	0
53.600	0.7582	0.1797	0.0163	0.0655	0.4578	0.0229	0.0000	0.0000	0.0000	0.0000	0.0000	0
53.667	0.6134	-0.0121	0.0178	0.0726	0.4522	0.0387	0.0000	0.0000	0.0000	0.0000	0.0000	0
53.733	0.3456	0.0334	0.0162	0.0767	0.4446	0.0463	0.0000	0.0000	0.0000	0.0000	0.0000	0
53.800	0.4157	0.0731	0.0160	0.0779	0.4444	0.0399	0.0000	0.0000	0.0000	0.0000	0.0000	0
53.867	0.7122	0.0794	0.0192	0.0764	0.4415	0.0308	0.0000	0.0000	0.0000	0.0000	0.0000	0
53.933	0.4854	0.0240	0.0159	0.0763	0.4483	0.0197	0.0000	0.0000	0.0000	0.0000	0.0000	0
54.000	0.4558	0.0985	0.0179	0.0768	0.4491	0.0177	0.0000	0.0000	0.0000	0.0000	0.0000	4
54.067	0.4525	0.1077	0.0214	0.0764	0.4604	0.0273	0.0000	0.0000	0.0000	0.0000	0.0000	0
54.133	0.0693	-0.0220	0.0184	0.0736	0.4636	0.0281	0.0000	0.0000	0.0000	0.0000	0.0000	0
54.200	0.0610	0.2194	0.0227	0.0678	0.4710	0.0623	0.0000	0.0000	0.0000	0.0000	0.0000	0
54.267	-0.0715	-0.2283	0.0193	0.0609	0.4748	0.0347	0.0000	0.0000	0.0000	0.0000	0.0000	0
54.333	-0.0776	-0.1251	0.0193	0.0588	0.4762	0.0165	0.0000	0.0000	0.0000	0.0000	0.0000	0
54.400	-0.0397	0.1783	0.0150	0.0547	0.4716	0.0217	0.0000	0.0000	0.0000	0.0000	0.0000	0
54.467	0.2790	0.2769	0.0176	0.0575	0.4734	0.0185	0.0000	0.0000	0.0000	0.0000	0.0000	1
54.533	1.0206	0.0253	0.0172	0.0645	0.4676	0.0301	0.0000	0.0000	0.0000	0.0000	0.0000	0
54.600	0.5504	0.0206	0.0170	0.0696	0.4654	0.0355	0.0000	0.0000	0.0000	0.0000	0.0000	0
54.667	0.1573	-0.0079	0.0154	0.0735	0.4597	0.0259	0.0000	0.0000	0.0000	0.0000	0.0000	0
54.733	0.2408	0.0121	0.0143	0.0757	0.4585	0.0269	0.0000	0.0000	0.0000	0.0000	0.0000	0
54.800	0.3358	0.0066	0.0161	0.0768	0.4538	0.0237	0.0000	0.0000	0.0000	0.0000	0.0000	0
54.867	0.2965	-0.0163	0.0150	0.0774	0.4537	0.0187	0.0000	0.0000	0.0000	0.0000	0.0000	0
54.933	0.2371	-0.0059	0.0140	0.0774	0.4555	0.0261	0.0000	0.0000	0.0000	0.0000	0.0000	0
55.000	0.4110	0.0379	0.0185	0.0763	0.4622	0.0158	0.0000	0.0000	0.0000	0.0000	0.0000	2
55.067	0.3372	0.0357	0.0164	0.0749	0.4661	0.0138	0.0000	0.0000	0.0000	0.0000	0.0000	0
55.133	0.2874	0.0554	0.0198	0.0717	0.4732	0.0227	0.0000	0.0000	0.0000	0.0000	0.0000	0
55.200	-0.0326	0.1242	0.0182	0.0678	0.4814	0.0374	0.0000	0.0000	0.0000	0.0000	0.0000	0
55.267	-0.1023	-0.1053	0.0190	0.0613	0.4912	0.0576	0.0000	0.0000	0.0000	0.0000	0.0000	0
55.333	-0.0014	-0.6653	0.0206	0.0575	0.4914	0.0508	0.0000	0.0000	0.0000	0.0000	0.0000	0
55.400	-0.0630	0.8304	0.0177	0.0517	0.4929	0.0291	0.0000	0.0000	0.0000	0.0000	0.0000	0
55.467	-0.0245	-0.1711	0.0133	0.0494	0.4944	0.0086	0.0000	0.0000	0.0000	0.0000	0.0000	1
55.533	0.3435	-0.2907	0.0169	0.0550	0.4863	0.0219	0.0000	0.0000	0.0000	0.0000	0.0000	0
55.600	0.8362	-0.0159	0.0171	0.0611	0.4812	0.0187	0.0000	0.0000	0.0000	0.0000	0.0000	0
55.667	0.9608	0.1387	0.0176	0.0666	0.4743	0.0301	0.0000	0.0000	0.0000	0.0000	0.0000	0
55.733	0.2578	0.1064	0.0151	0.0705	0.4600	0.0310	0.0000	0.0000	0.0000	0.0000	0.0000	0
55.800	0.2509	0.0715	0.0147	0.0736	0.4561	0.0357	0.0000	0.0000	0.0000	0.0000	0.0000	0
55.867	0.4400	0.0321	0.0160	0.0767	0.4475	0.0291	0.0000	0.0000	0.0000	0.0000	0.0000	0
55.933	0.5454	-0.0166	0.0181	0.0783	0.4435	0.0347	0.0000	0.0000	0.0000	0.0000	0.0000	0
56.000	0.2953	-0.0038	0.0144	0.0789	0.4440	0.0237	0.0000	0.0000	0.0000	0.0000	0.0000	16
56.067	0.3234	-0.0375	0.0176	0.0792	0.4445	0.0291	0.0000	0.0000	0.0000	0.0000	0.0000	0
56.133	0.4567	-0.1861	0.0207	0.0774	0.4508	0.0182	0.0000	0.0000	0.0000	0.0000	0.0000	0
56.200	0.2066	-0.0211	0.0175	0.0750	0.4603	0.0219	0.0000	0.0000	0.0000	0.0000	0.0000	0
56.267	-0.0944	-0.0840	0.0208	0.0690	0.4683	0.0727	0.0000	0.0000	0.0000	0.0000	0.0000	0
56.333	0.1295	0.0028	0.0233	0.0605	0.4757	0.0771	0.0000	0.0000	0.0000	0.0000	0.0000	0
56.400	-0.6759	-0.0875	0.0184	0.0509	0.4756	0.0365	0.0000	0.0000	0.0000	0.0000	0.0000	0
56.467	0.1193	0.5038	0.0155	0.0518	0.4750	0.0131	0.0000	0.0000	0.0000	0.0000	0.0000	1
56.533	0.5434	0.3442	0.0196	0.0609	0.4674	0.0335	0.0000	0.0000	0.0000	0.0000	0.0000	0
56.600	0.6353	0.0177	0.0174	0.0685	0.4647	0.0389	0.0000	0.0000	0.0000	0.0000	0.0000	0
56.667	0.2750	-0.0069	0.0173	0.0735	0.4524	0.0261	0.0000	0.0000	0.0000	0.0000	0.0000	0
56.733	0.2376	-0.0081	0.0153	0.0762	0.4503	0.0404	0.0000	0.0000	0.0000	0.0000	0.0000	0
56.800	0.2706	0.0159	0.0162	0.0786	0.4470	0.0273	0.0000	0.0000	0.0000	0.0000	0.0000	0
56.867	0.3214	-0.0252	0.0188	0.0806	0.4468	0.0301	0.0000	0.0000	0.0000	0.0000	0.0000	0
56.933	0.2112	-0.0524	0.0161	0.0814	0.4478	0.0224	0.0000	0.0000	0.0000	0.0000	0.0000	0
57.000	0.3436	0.0461	0.0202	0.0810	0.4529	0.0217	0.0000	0.0000	0.0000	0.0000	0.0000	2
57.067	0.4030	-0.0259	0.0175	0.0796	0.4598	0.0202	0.0000	0.0000	0.0000	0.0000	0.0000	0
57.133	0.0338	0.0630	0.0245	0.0738	0.4654	0.0367	0.0000	0.0000	0.0000	0.0000	0.0000	0
57.200	-0.0664	-0.0274	0.0179	0.0665	0.4747	0.0579	0.0000	0.0000	0.0000	0.0000	0.0000	0
57.267	-0.1492	0.0973	0.0233	0.0588	0.4749	0.0633	0.0000	0.0000	0.0000	0.0000	0.0000	0
57.333	-0.0727	-0.5983	0.0178	0.0521	0.4782	0.0291	0.0000	0.0000	0.0000	0.0000	0.0000	0
57.400	0.1221	0.0126	0.0155	0.0523	0.4759	0.0123	0.0000	0.0000	0.0000	0.0000	0.0000	0
57.467	0.3193	0.4528	0.0208	0.0616	0.4736	0.0347	0.0000	0.0000	0.0000	0.0000	0.0000	1
57.533	0.4053	0.0159	0.0204	0.0703	0.4600	0.0379	0.0000	0.0000	0.0000	0.0000	0.0000	0
57.600	0.2671	0.0403	0.0150	0.0742	0.4589	0.0325	0.0000	0.0000	0.0000	0.0000	0.0000	0
57.667	0.2730	0.0746	0.0162	0.0770	0.4523	0.0374	0.0000	0.0000	0.0000	0.0000	0.0000	0
57.733	0.3252	0.0384	0.0170	0.0799	0.4489	0.0204	0.0000	0.0000	0.0000	0.0000	0.0000	0
57.800	0.3605	-0.0287	0.0174	0.0818	0.4489	0.0379	0.0000	0.0000	0.0000	0.0000	0.0000	0
57.867	0.3503	-0.0310	0.0179	0.0819	0.4506	0.0214	0.0000	0.0000	0.0000	0.0000	0.0000	0
57.933	0.4700	0.0201	0.0196	0.0806	0.4556	0.0185	0.0000	0.0000	0.0000	0.0000	0.0000	0
58.000	0.4241	0.0272	0.0217	0.0770	0.4681	0.0256	0.0000	0.0000	0.0000	0.0000	0.0000	4
58.067	0.1167	0.0973	0.0192	0.0733	0.4734	0.0399	0.0000	0.0000	0.0000	0.0000	0.0000	0
58.133	0.0289	0.1309	0.0230	0.0648	0.4888	0.0751	0.0000	0.0000	0.0000	0.0000	0.0000	0
58.200	-0.7816	0.0776	0.0184	0.0578	0.4928	0.0493	0.0000	0.0000	0.0000	0.0000	0.0000	0
58.267	0.0319	-0.0334	0.0184	0.0560	0.4918	0.0256	0.0000	0.0000	0.0000	0.0000	0.0000	0
58.333	0.0783	-0.6067	0.0176	0.0508	0.4883	0.0202	0.0000	0.0000	0.0000	0.0000	0.0000	0
58.400	0.2752	0.0307	0.0171	0.0541	0.4857	0.0170	0.0000	0.0000	0.0000	0.0000	0.0000	0
58.467	0.2368	-0.0303	0.0177	0.0618	0.4753	0.0288	0.0000	0.0000	0.0000	0.0000	0.0000	1
58.533	0.3244	-0.0368	0.0193	0.0673	0.4690	0.0360	0.0000	0.0000	0.0000	0.0000	0.0000	0
58.600	0.4083	-0.0814	0.0178	0.0702	0.4585	0.0325	0.0000	0.0000	0.0000	0.0000	0.0000	0
58.667	0.2574	-0.0516	0.0146	0.0732	0.4605	0.0239	0.0000	0.0000	0.0000	0.0000	0.0000	0
58.733	0.2890	-0.0296	0.0162	0.0764	0.4584	0.0202	0.0000	0.0000	0.0000	0.0000	0.0000	0
58.800	0.4223	-0.0193	0.0187	0.0789	0.4570	0.0239	0.0000	0.0000	0.0000	0.0000	0.0000	0
58.867	0.2762	-0.0114	0.0153	0.0799	0.4548	0.0291	0.0000	0.0000	0.0000	0.0000	0.0000	0
58.933	0.3078	-0.0441	0.0177	0.0799	0.4545	0.0195	0.0000	0.0000	0.0000	0.0000	0.0000	0
59.000	0.4183	-0.0654	0.0200	0.0775	0.4637	0.0219	0.0000	0.0000	0.0000	0.0000	0.0000	2
59.067	0.2913	-0.0512	0.0168	0.0750	0.4715	0.0224	0.0000	0.0000	0.0000	0.0000	0.0000	0
59.133	0.2584	0.0332	0.0220	0.0703	0.4809	0.0397	0.0000	0.0000	0.0000	0.0000	0.0000	0
59.200	-0.1116	0.0389	0.0200	0.0628	0.4920	0.0759	0.0000	0.0000	0.0000	0.0000	0.0000	0
59.267	-0.3046	0.6128	0.0175	0.0571	0.4945	0.0362	0.0000	0.0000	0.0000	0.0000	0.0000	0
59.333	-0.0196	-0.1143	0.0185	0.0546	0.4954	0.0301	0.0000	0.0000	0.0000	0.0000	0.0000	0
59.400	0.0068	0.0689	0.0181	0.0517	0.4936	0.0212	0.0000	0.0000	0.0000	0.0000	0.0000	0
59.467	0.6391	-0.3484	0.0161	0.0554	0.4914	0.0224	0.0000	0.0000	0.0000	0.0000	0.0000	1
59.533	1.0241	-0.1457	0.0165	0.0617	0.4792	0.0251	0.0000	0.0000	0.0000	0.0000	0.0000	0
59.600	0.8941	0.0380	0.0194	0.0675	0.4693	0.0382	0.0000	0.0000	0.0000	0.0000	0.0000	0
59.667	0.2843	0.0824	0.0149	0.0701	0.4615	0.0283	0.0000	0.0000	0.0000	0.0000	0.0000	0
59.733	0.4613	0.0103	0.0178	0.0736	0.4627	0.0357	0.0000	0.0000	0.0000	0.0000	0.0000	0
59.800	0.2720	-0.0039	0.0149	0.0768	0.4567	0.0209	0.0000	0.0000	0.0000	0.0000	0.0000	0
59.867	0.3052	-0.0395	0.0193	0.0796	0.4507	0.0387	0.0000	0.0000	0.0000	0.0000	0.0000	0
59.933	0.2154	-0.0031	0.0159	0.0808	0.4552	0.0121	0.0000	0.0000	0.0000	0.0000	0.0000	0
60.000	0.3422	-0.0083	0.0180	0.0800	0.4619	0.0195	0.0000	0.0000	0.0000	0.0000	0.0000	8
60.067	0.3820	0.0764	0.0206	0.0772	0.4674	0.0320	0.0000	0.0000	0.0000	0.0000	0.0000	0
60.133	0.1491	0.0933	0.0174	0.0737	0.4688	0.0251	0.0000	0.0000	0.0000	0.0000	0.0000	0
60.200	0.0531	0.0183	0.0222	0.0679	0.4819	0.0584	0.0000	0.0000	0.0000	0.0000	0.0000	0
60.267	0.1771	2.9492	0.0193	0.0593	0.4878	0.0744	0.0000	0.0000	0.0000	0.0000	0.0000	0
60.333	-0.4048	-0.2323	0.0167	0.0559	0.4916	0.0345	0.0000	0.0000	0.0000	0.0000	0.0000	0
60.400	-0.2052	0.4035	0.0196	0.0552	0.4877	0.0232	0.0000	0.0000	0.0000	0.0000	0.0000	0
60.467	0.0076	-0.7333	0.0163	0.0536	0.4863	0.0143	0.0000	0.0000	0.0000	0.0000	0.0000	1
60.533	0.8449	0.0847	0.0188	0.0601	0.4762	0.0249	0.0000	0.0000	0.0000	0.0000	0.0000	0
60.600	0.8596	-0.0811	0.0192	0.0666	0.4742	0.0382	0.0000	0.0000	0.0000	0.0000	0.0000	0
60.667	0.2304	-0.0072	0.0170	0.0706	0.4635	0.0296	0.0000	0.0000	0.0000	0.0000	0.0000	0
60.733	0.2156	-0.0387	0.0176	0.0739	0.4598	0.0283	0.0000	0.0000	0.0000	0.0000	0.0000	0
60.800	0.2547	-0.0143	0.0146	0.0764	0.4594	0.0273	0.0000	0.0000	0.0000	0.0000	0.0000	0
60.867	0.3769	0.0184	0.0186	0.0791	0.4539	0.0266	0.0000	0.0000	0.0000	0.0000	0.0000	0
60.933	0.2915	0.0196	0.0176	0.0808	0.4516	0.0244	0.0000	0.0000	0.0000	0.0000	0.0000	0
61.000	0.2501	-0.0177	0.0183	0.0812	0.4616	0.0207	0.0000	0.0000	0.0000	0.0000	0.0000	2
61.067	0.3161	-0.0434	0.0172	0.0798	0.4609	0.0281	0.0000	0.0000	0.0000	0.0000	0.0000	0
61.133	0.4259	-0.0032	0.0193	0.0772	0.4626	0.0323	0.0000	0.0000	0.0000	0.0000	0.0000	0
61.200	-0.0287	-0.0302	0.0230	0.0717	0.4732	0.0475	0.0000	0.0000	0.0000	0.0000	0.0000	0
61.267	-0.0973	-0.1015	0.0209	0.0621	0.4836	0.0719	0.0000	0.0000	0.0000	0.0000	0.0000	0
61.333	0.1607	4.1888	0.0207	0.0580	0.4877	0.0544	0.0000	0.0000	0.0000	0.0000	0.0000	0
61.400	-0.0945	-1.9779	0.0171	0.0558	0.4843	0.0219	0.0000	0.0000	0.0000	0.0000	0.0000	0
61.467	0.1263	0.1243	0.0158	0.0546	0.4836	0.0101	0.0000	0.0000	0.0000	0.0000	0.0000	1
61.533	0.6255	0.0095	0.0184	0.0611	0.4753	0.0269	0.0000	0.0000	0.0000	0.0000	0.0000	0
61.600	0.3358	0.0426	0.0164	0.0667	0.4668	0.0256	0.0000	0.0000	0.0000	0.0000	0.0000	0
61.667	0.3445	0.0412	0.0169	0.0712	0.4603	0.0303	0.0000	0.0000	0.0000	0.0000	0.0000	0
61.733	0.2263	-0.0059	0.0174	0.0740	0.4564	0.0372	0.0000	0.0000	0.0000	0.0000	0.0000	0
61.800	0.2420	-0.0422	0.0140	0.0766	0.4547	0.0182	0.0000	0.0000	0.0000	0.0000	0.0000	0
61.867	0.2544	-0.0501	0.0167	0.0798	0.4519	0.0338	0.0000	0.0000	0.0000	0.0000	0.0000	0
61.933	0.1633	-0.0202	0.0179	0.0816	0.4460	0.0276	0.0000	0.0000	0.0000	0.0000	0.0000	0
62.000	0.2912	-0.0335	0.0177	0.0824	0.4529	0.0160	0.0000	0.0000	0.0000	0.0000	0.0000	4
62.067	0.4339	0.0061	0.0206	0.0807	0.4597	0.0328	0.0000	0.0000	0.0000	0.0000	0.0000	0
62.133	0.2581	0.0012	0.0168	0.0783	0.4627	0.0145	0.0000	0.0000	0.0000	0.0000	0.0000	0
62.200	0.0884	-0.0319	0.0222	0.0730	0.4725	0.0288	0.0000	0.0000	0.0000	0.0000	0.0000	0
62.267	-0.0075	-0.0146	0.0210	0.0653	0.4853	0.0746	0.0000	0.0000	0.0000	0.0000	0.0000	0
62.333	-0.8740	-0.5650	0.0184	0.0579	0.4921	0.0517	0.0000	0.0000	0.0000	0.0000	0.0000	0
62.400	0.2484	0.0020	0.0215	0.0549	0.4939	0.0397	0.0000	0.0000	0.0000	0.0000	0.0000	0
62.467	-0.1801	0.2157	0.0177	0.0508	0.4878	0.0185	0.0000	0.0000	0.0000	0.0000	0.0000	1
62.533	0.1431	-0.3245	0.0147	0.0537	0.4884	0.0170	0.0000	0.0000	0.0000	0.0000	0.0000	0
62.600	0.5284	-0.1296	0.0235	0.0647	0.4703	0.0429	0.0000	0.0000	0.0000	0.0000	0.0000	0
62.667	0.2243	-0.0621	0.0158	0.0690	0.4704	0.0249	0.0000	0.0000	0.0000	0.0000	0.0000	0
62.733	0.2779	-0.0660	0.0166	0.0716	0.4592	0.0345	0.0000	0.0000	0.0000	0.0000	0.0000	0
62.800	0.2736	-0.0789	0.0152	0.0752	0.4587	0.0283	0.0000	0.0000	0.0000	0.0000	0.0000	0
62.867	0.2552	-0.0491	0.0174	0.0788	0.4584	0.0308	0.0000	0.0000	0.0000	0.0000	0.0000	0
62.933	0.2931	-0.0308	0.0193	0.0809	0.4535	0.0328	0.0000	0.0000	0.0000	0.0000	0.0000	0
63.000	0.2451	-0.0044	0.0157	0.0814	0.4582	0.0207	0.0000	0.0000	0.0000	0.0000	0.0000	2
63.067	0.2889	-0.0009	0.0182	0.0801	0.4615	0.0229	0.0000	0.0000	0.0000	0.0000	0.0000	0
63.133	0.4304	-0.0248	0.0207	0.0773	0.4663	0.0261	0.0000	0.0000	0.0000	0.0000	0.0000	0
63.200	0.1204	0.0349	0.0174	0.0738	0.4685	0.0269	0.0000	0.0000	0.0000	0.0000	0.0000	0
63.267	0.0242	0.0125	0.0232	0.0663	0.4828	0.0697	0.0000	0.0000	0.0000	0.0000	0.0000	0
63.333	-0.1278	-3.6894	0.0172	0.0599	0.4888	0.0495	0.0000	0.0000	0.0000	0.0000	0.0000	0
63.400	-0.6020	1.3383	0.0186	0.0550	0.4897	0.0485	0.0000	0.0000	0.0000	0.0000	0.0000	0
63.467	0.1820	-0.1263	0.0164	0.0548	0.4838	0.0204	0.0000	0.0000	0.0000	0.0000	0.0000	1
63.533	0.0897	0.5101	0.0156	0.0552	0.4831	0.0140	0.0000	0.0000	0.0000	0.0000	0.0000	0
63.600	0.7741	0.0744	0.0190	0.0621	0.4694	0.0301	0.0000	0.0000	0.0000	0.0000	0.0000	0
63.667	0.3728	-0.0380	0.0178	0.0682	0.4613	0.0399	0.0000	0.0000	0.0000	0.0000	0.0000	0
63.733	0.2484	0.0214	0.0164	0.0714	0.4587	0.0273	0.0000	0.0000	0.0000	0.0000	0.0000	0
63.800	0.2796	-0.0186	0.0156	0.0745	0.4562	0.0325	0.0000	0.0000	0.0000	0.0000	0.0000	0
63.867	0.2810	-0.0303	0.0165	0.0779	0.4567	0.0291	0.0000	0.0000	0.0000	0.0000	0.0000	0
63.933	0.2899	-0.0018	0.0183	0.0813	0.4515	0.0355	0.0000	0.0000	0.0000	0.0000	0.0000	0
64.000	0.3942	0.0492	0.0196	0.0826	0.4573	0.0276	0.0000	0.0000	0.0000	0.0000	0.0000	16
64.067	0.2754	0.0149	0.0166	0.0822	0.4600	0.0276	0.0000	0.0000	0.0000	0.0000	0.0000	0
64.133	0.3438	-0.0356	0.0209	0.0797	0.4628	0.0172	0.0000	0.0000	0.0000	0.0000	0.0000	0
64.200	0.3576	-0.0465	0.0174	0.0767	0.4658	0.0234	0.0000	0.0000	0.0000	0.0000	0.0000	0
64.267	-0.1633	0.0127	0.0255	0.0690	0.4806	0.0771	0.0000	0.0000	0.0000	0.0000	0.0000	0
64.333	-0.1199	-0.2459	0.0177	0.0600	0.4882	0.0626	0.0000	0.0000	0.0000	0.0000	0.0000	0
64.400	0.1010	4.1888	0.0202	0.0574	0.4894	0.0370	0.0000	0.0000	0.0000	0.0000	0.0000	0
64.467	0.1957	0.0325	0.0178	0.0553	0.4886	0.0249	0.0000	0.0000	0.0000	0.0000	0.0000	1
64.533	0.0772	-0.2938	0.0158	0.0548	0.4842	0.0116	0.0000	0.0000	0.0000	0.0000	0.0000	0
64.600	0.7560	-0.3653	0.0215	0.0641	0.4712	0.0407	0.0000	0.0000	0.0000	0.0000	0.0000	0
64.667	0.2606	-0.0206	0.0178	0.0695	0.4669	0.0286	0.0000	0.0000	0.0000	0.0000	0.0000	0
64.733	0.1503	0.0021	0.0143	0.0732	0.4610	0.0237	0.0000	0.0000	0.0000	0.0000	0.0000	0
64.800	0.3073	0.0745	0.0182	0.0769	0.4586	0.0320	0.0000	0.0000	0.0000	0.0000	0.0000	0
64.867	0.2774	0.0259	0.0148	0.0796	0.4570	0.0261	0.0000	0.0000	0.0000	0.0000	0.0000	0
64.933	0.3542	0.0130	0.0189	0.0822	0.4523	0.0323	0.0000	0.0000	0.0000	0.0000	0.0000	0
65.000	0.2687	0.0107	0.0161	0.0826	0.4561	0.0229	0.0000	0.0000	0.0000	0.0000	0.0000	2
65.067	0.2864	0.0455	0.0198	0.0816	0.4605	0.0209	0.0000	0.0000	0.0000	0.0000	0.0000	0
65.133	0.3259	0.0278	0.0168	0.0791	0.4649	0.0269	0.0000	0.0000	0.0000	0.0000	0.0000	0
65.200	0.1487	0.0017	0.0180	0.0749	0.4675	0.0261	0.0000	0.0000	0.0000	0.0000	0.0000	0
65.267	0.0455	-0.1021	0.0248	0.0672	0.4809	0.0599	0.0000	0.0000	0.0000	0.0000	0.0000	0
65.333	-0.5666	-0.0225	0.0162	0.0603	0.4866	0.0638	0.0000	0.0000	0.0000	0.0000	0.0000	0
65.400	0.0658	-0.1820	0.0183	0.0580	0.4882	0.0382	0.0000	0.0000	0.0000	0.0000	0.0000	0
65.467	0.2118	-0.1465	0.0191	0.0536	0.4885	0.0313	0.0000	0.0000	0.0000	0.0000	0.0000	1
65.533	0.1670	0.0590	0.0130	0.0530	0.4878	0.0106	0.0000	0.0000	0.0000	0.0000	0.0000	0
65.600	0.7473	0.1288	0.0172	0.0589	0.4805	0.0296	0.0000	0.0000	0.0000	0.0000	0.0000	0
65.667	0.3509	0.0863	0.0147	0.0643	0.4706	0.0325	0.0000	0.0000	0.0000	0.0000	0.0000	0
65.733	0.2679	0.0787	0.0142	0.0678	0.4690	0.0249	0.0000	0.0000	0.0000	0.0000	0.0000	0
65.800	0.2786	0.0330	0.0162	0.0714	0.4631	0.0298	0.0000	0.0000	0.0000	0.0000	0.0000	0
65.867	0.2144	-0.0004	0.0134	0.0738	0.4587	0.0197	0.0000	0.0000	0.0000	0.0000	0.0000	0
65.933	0.2725	-0.0379	0.0174	0.0764	0.4481	0.0303	0.0000	0.0000	0.0000	0.0000	0.0000	0
66.000	0.2106	-0.0116	0.0132	0.0781	0.4521	0.0303	0.0000	0.0000	0.0000	0.0000	0.0000	4
66.067	0.3315	-0.0400	0.0160	0.0791	0.4486	0.0264	0.0000	0.0000	0.0000	0.0000	0.0000	0
66.133	0.4546	-0.0836	0.0171	0.0786	0.4506	0.0335	0.0000	0.0000	0.0000	0.0000	0.0000	0
66.200	0.0698	0.0754	0.0192	0.0756	0.4570	0.0209	0.0000	0.0000	0.0000	0.0000	0.0000	0
66.267	-0.0721	0.0033	0.0182	0.0717	0.4622	0.0335	0.0000	0.0000	0.0000	0.0000	0.0000	0
66.333	-0.0267	0.0959	0.0199	0.0651	0.4666	0.0557	0.0000	0.0000	0.0000	0.0000	0.0000	0
66.400	0.2732	0.1130	0.0234	0.0579	0.4706	0.0729	0.0000	0.0000	0.0000	0.0000	0.0000	0
66.467	-0.0085	0.1592	0.0153	0.0510	0.4706	0.0214	0.0000	0.0000	0.0000	0.0000	0.0000	1
66.533	0.3855	-0.0965	0.0162	0.0567	0.4655	0.0288	0.0000	0.0000	0.0000	0.0000	0.0000	0
66.600	0.2341	0.0296	0.0197	0.0653	0.4617	0.0303	0.0000	0.0000	0.0000	0.0000	0.0000	0
66.667	0.2760	0.0154	0.0187	0.0720	0.4556	0.0318	0.0000	0.0000	0.0000	0.0000	0.0000	0
66.733	0.2708	-0.0124	0.0144	0.0762	0.4478	0.0298	0.0000	0.0000	0.0000	0.0000	0.0000	0
66.800	0.4142	0.0018	0.0179	0.0792	0.4473	0.0404	0.0000	0.0000	0.0000	0.0000	0.0000	0
66.867	0.3048	0.0027	0.0138	0.0810	0.4469	0.0227	0.0000	0.0000	0.0000	0.0000	0.0000	0
66.933	0.4487	-0.0080	0.0186	0.0822	0.4453	0.0278	0.0000	0.0000	0.0000	0.0000	0.0000	0
67.000	0.2928	0.0900	0.0163	0.0822	0.4471	0.0293	0.0000	0.0000	0.0000	0.0000	0.0000	2
67.067	0.3871	0.1261	0.0196	0.0813	0.4532	0.0165	0.0000	0.0000	0.0000	0.0000	0.0000	0
67.133	0.1281	-0.0940	0.0188	0.0776	0.4568	0.0168	0.0000	0.0000	0.0000	0.0000	0.0000	0
67.200	0.0014	-0.0304	0.0219	0.0729	0.4629	0.0520	0.0000	0.0000	0.0000	0.0000	0.0000	0
67.267	-0.0813	-0.1909	0.0200	0.0668	0.4689	0.0759	0.0000	0.0000	0.0000	0.0000	0.0000	0
67.333	-0.0065	0.0922	0.0204	0.0581	0.4712	0.0483	0.0000	0.0000	0.0000	0.0000	0.0000	0
67.400	-0.0083	-0.1496	0.0132	0.0525	0.4715	0.0222	0.0000	0.0000	0.0000	0.0000	0.0000	0
67.467	0.6872	0.0158	0.0146	0.0537	0.4679	0.0185	0.0000	0.0000	0.0000	0.0000	0.0000	1
67.533	0.9597	0.0960	0.0147	0.0611	0.4635	0.0241	0.0000	0.0000	0.0000	0.0000	0.0000	0
67.600	0.6954	0.0187	0.0167	0.0682	0.4572	0.0409	0.0000	0.0000	0.0000	0.0000	0.0000	0
67.667	0.5130	0.0123	0.0164	0.0721	0.4590	0.0436	0.0000	0.0000	0.0000	0.0000	0.0000	0
67.733	0.2774	0.0161	0.0135	0.0750	0.4544	0.0318	0.0000	0.0000	0.0000	0.0000	0.0000	0
67.800	0.3619	-0.0055	0.0156	0.0773	0.4530	0.0249	0.0000	0.0000	0.0000	0.0000	0.0000	0
67.867	0.4657	0.0046	0.0183	0.0778	0.4507	0.0283	0.0000	0.0000	0.0000	0.0000	0.0000	0
67.933	0.2826	-0.0896	0.0156	0.0775	0.4604	0.0192	0.0000	0.0000	0.0000	0.0000	0.0000	0
68.000	0.3362	0.0967	0.0171	0.0763	0.4624	0.0212	0.0000	0.0000	0.0000	0.0000	0.0000	8
68.067	0.0091	0.1027	0.0186	0.0763	0.4677	0.0163	0.0000	0.0000	0.0000	0.0000	0.0000	0
68.133	-0.1607	-0.1054	0.0245	0.0713	0.4721	0.0737	0.0000	0.0000	0.0000	0.0000	0.0000	0
68.200	0.0390	0.0565	0.0189	0.0646	0.4745	0.0636	0.0000	0.0000	0.0000	0.0000	0.0000	0
68.267	-0.2054	0.1186	0.0199	0.0537	0.4776	0.0382	0.0000	0.0000	0.0000	0.0000	0.0000	0
68.333	0.1235	0.1390	0.0122	0.0518	0.4784	0.0170	0.0000	0.0000	0.0000	0.0000	0.0000	0
68.400	1.2376	-0.1670	0.0166	0.0592	0.4760	0.0325	0.0000	0.0000	0.0000	0.0000	0.0000	0
68.467	0.5788	-0.0955	0.0160	0.0669	0.4743	0.0333	0.0000	0.0000	0.0000	0.0000	0.0000	1
68.533	0.2899	-0.0116	0.0139	0.0725	0.4668	0.0335	0.0000	0.0000	0.0000	0.0000	0.0000	0
68.600	0.3541	0.0324	0.0153	0.0768	0.4633	0.0456	0.0000	0.0000	0.0000	0.0000	0.0000	0
68.667	0.3599	0.0068	0.0147	0.0793	0.4575	0.0315	0.0000	0.0000	0.0000	0.0000	0.0000	0
68.733	0.3912	-0.0159	0.0158	0.0790	0.4575	0.0229	0.0000	0.0000	0.0000	0.0000	0.0000	0
68.800	0.3379	0.0057	0.0158	0.0776	0.4583	0.0320	0.0000	0.0000	0.0000	0.0000	0.0000	0
68.867	0.2481	-0.0680	0.0166	0.0767	0.4601	0.0170	0.0000	0.0000	0.0000	0.0000	0.0000	0
68.933	-0.0009	-0.0112	0.0228	0.0759	0.4651	0.0387	0.0000	0.0000	0.0000	0.0000	0.0000	0
69.000	-0.0766	-0.0937	0.0184	0.0715	0.4687	0.0655	0.0000	0.0000	0.0000	0.0000	0.0000	2
69.067	-0.0269	0.2189	0.0186	0.0641	0.4699	0.0682	0.0000	0.0000	0.0000	0.0000	0.0000	0
69.133	-0.2791	-0.2336	0.0172	0.0546	0.4722	0.0273	0.0000	0.0000	0.0000	0.0000	0.0000	0
69.200	0.2983	0.2217	0.0110	0.0547	0.4737	0.0163	0.0000	0.0000	0.0000	0.0000	0.0000	0
69.267	0.6933	0.0518	0.0143	0.0598	0.4709	0.0204	0.0000	0.0000	0.0000	0.0000	0.0000	0
69.333	0.7225	0.0956	0.0158	0.0672	0.4674	0.0261	0.0000	0.0000	0.0000	0.0000	0.0000	0
69.400	0.5702	0.0422	0.0171	0.0735	0.4657	0.0475	0.0000	0.0000	0.0000	0.0000	0.0000	0
69.467	0.3273	0.0667	0.0139	0.0764	0.4625	0.0320	0.0000	0.0000	0.0000	0.0000	0.0000	1
69.533	0.5705	-0.0177	0.0179	0.0775	0.4566	0.0436	0.0000	0.0000	0.0000	0.0000	0.0000	0
69.600	0.2988	0.0642	0.0141	0.0780	0.4568	0.0239	0.0000	0.0000	0.0000	0.0000	0.0000	0
69.667	0.3335	0.0210	0.0179	0.0779	0.4575	0.0251	0.0000	0.0000	0.0000	0.0000	0.0000	0
69.733	0.2071	-0.0577	0.0149	0.0770	0.4593	0.0170	0.0000	0.0000	0.0000	0.0000	0.0000	0
69.800	-0.0339	0.0499	0.0212	0.0767	0.4654	0.0426	0.0000	0.0000	0.0000	0.0000	0.0000	0
69.867	-0.1407	0.0613	0.0197	0.0711	0.4690	0.0727	0.0000	0.0000	0.0000	0.0000	0.0000	0
69.933	-0.1925	0.1672	0.0192	0.0608	0.4706	0.0522	0.0000	0.0000	0.0000	0.0000	0.0000	0
70.000	-0.1748	-0.1162	0.0141	0.0560	0.4720	0.0128	0.0000	0.0000	0.0000	0.0000	0.0000	4
70.067	0.1658	0.0110	0.0111	0.0562	0.4728	0.0099	0.0000	0.0000	0.0000	0.0000	0.0000	0
70.133	0.5935	0.0375	0.0131	0.0603	0.4705	0.0163	0.0000	0.0000	0.0000	0.0000	0.0000	0
70.200	0.6993	-0.0208	0.0140	0.0657	0.4689	0.0207	0.0000	0.0000	0.0000	0.0000	0.0000	0
70.267	0.6268	0.0152	0.0162	0.0718	0.4641	0.0355	0.0000	0.0000	0.0000	0.0000	0.0000	0
70.333	0.2852	0.0034	0.0134	0.0751	0.4615	0.0362	0.0000	0.0000	0.0000	0.0000	0.0000	0
70.400	0.5208	0.0862	0.0177	0.0764	0.4585	0.0379	0.0000	0.0000	0.0000	0.0000	0.0000	0
70.467	0.3259	0.0216	0.0137	0.0761	0.4582	0.0195	0.0000	0.0000	0.0000	0.0000	0.0000	1
70.533	0.2934	0.0312	0.0158	0.0769	0.4597	0.0163	0.0000	0.0000	0.0000	0.0000	0.0000	0
70.600	0.2580	0.0780	0.0185	0.0763	0.4607	0.0234	0.0000	0.0000	0.0000	0.0000	0.0000	0
70.667	0.0012	-0.0501	0.0156	0.0763	0.4630	0.0340	0.0000	0.0000	0.0000	0.0000	0.0000	0
70.733	-0.1064	-0.0966	0.0223	0.0718	0.4694	0.0764	0.0000	0.0000	0.0000	0.0000	0.0000	0
70.800	-0.2790	0.0522	0.0179	0.0610	0.4746	0.0485	0.0000	0.0000	0.0000	0.0000	0.0000	0
70.867	-0.2126	-0.0825	0.0122	0.0551	0.4730	0.0217	0.0000	0.0000	0.0000	0.0000	0.0000	0
70.933	0.2239	0.1607	0.0112	0.0542	0.4709	0.0113	0.0000	0.0000	0.0000	0.0000	0.0000	0
71.000	1.0316	-0.1364	0.0126	0.0597	0.4704	0.0195	0.0000	0.0000	0.0000	0.0000	0.0000	2
71.067	0.8018	-0.0294	0.0131	0.0646	0.4710	0.0190	0.0000	0.0000	0.0000	0.0000	0.0000	0
71.133	0.7749	-0.0451	0.0144	0.0696	0.4649	0.0338	0.0000	0.0000	0.0000	0.0000	0.0000	0
71.200	0.6027	-0.0214	0.0142	0.0731	0.4608	0.0382	0.0000	0.0000	0.0000	0.0000	0.0000	0
71.267	0.5466	-0.0172	0.0158	0.0760	0.4577	0.0315	0.0000	0.0000	0.0000	0.0000	0.0000	0
71.333	0.2815	0.0229	0.0136	0.0773	0.4587	0.0251	0.0000	0.0000	0.0000	0.0000	0.0000	0
71.400	0.2465	0.0367	0.0151	0.0773	0.4598	0.0187	0.0000	0.0000	0.0000	0.0000	0.0000	0
71.467	0.1968	0.0826	0.0165	0.0780	0.4590	0.0118	0.0000	0.0000	0.0000	0.0000	0.0000	1
71.533	-0.0385	-0.0231	0.0196	0.0779	0.4645	0.0372	0.0000	0.0000	0.0000	0.0000	0.0000	0
71.600	-0.0720	-0.0456	0.0162	0.0727	0.4662	0.0544	0.0000	0.0000	0.0000	0.0000	0.0000	0
71.667	-0.0931	-0.0883	0.0168	0.0642	0.4703	0.0562	0.0000	0.0000	0.0000	0.0000	0.0000	0
71.733	-0.5647	0.0230	0.0131	0.0563	0.4680	0.0237	0.0000	0.0000	0.0000	0.0000	0.0000	0
71.800	-0.0034	0.2114	0.0102	0.0527	0.4704	0.0133	0.0000	0.0000	0.0000	0.0000	0.0000	0
71.867	1.4002	0.1415	0.0124	0.0565	0.4685	0.0204	0.0000	0.0000	0.0000	0.0000	0.0000	0
71.933	1.1032	0.0602	0.0111	0.0613	0.4669	0.0190	0.0000	0.0000	0.0000	0.0000	0.0000	0
72.000	1.1701	0.0737	0.0147	0.0668	0.4642	0.0293	0.0000	0.0000	0.0000	0.0000	0.0000	16
72.067	0.5257	0.0342	0.0119	0.0699	0.4602	0.0301	0.0000	0.0000	0.0000	0.0000	0.0000	0
72.133	0.5595	0.0584	0.0154	0.0732	0.4563	0.0333	0.0000	0.0000	0.0000	0.0000	0.0000	0
72.200	0.3374	-0.0225	0.0128	0.0759	0.4557	0.0283	0.0000	0.0000	0.0000	0.0000	0.0000	0
72.267	0.2132	0.0979	0.0156	0.0780	0.4543	0.0246	0.0000	0.0000	0.0000	0.0000	0.0000	0
72.333	0.0767	0.0431	0.0146	0.0777	0.4572	0.0291	0.0000	0.0000	0.0000	0.0000	0.0000	0
72.400	-0.1038	0.0818	0.0151	0.0753	0.4627	0.0416	0.0000	0.0000	0.0000	0.0000	0.0000	0
72.467	-0.0909	0.0337	0.0171	0.0698	0.4668	0.0690	0.0000	0.0000	0.0000	0.0000	0.0000	1
72.533	-0.3039	-0.1302	0.0151	0.0604	0.4692	0.0355	0.0000	0.0000	0.0000	0.0000	0.0000	0
72.600	-0.4166	0.0184	0.0117	0.0543	0.4669	0.0195	0.0000	0.0000	0.0000	0.0000	0.0000	0
72.667	0.3045	0.1715	0.0085	0.0539	0.4630	0.0081	0.0000	0.0000	0.0000	0.0000	0.0000	0
72.733	1.2845	0.0737	0.0110	0.0571	0.4628	0.0177	0.0000	0.0000	0.0000	0.0000	0.0000	0
72.800	1.0472	0.0619	0.0117	0.0616	0.4675	0.0204	0.0000	0.0000	0.0000	0.0000	0.0000	0
72.867	0.8252	0.0257	0.0126	0.0669	0.4608	0.0241	0.0000	0.0000	0.0000	0.0000	0.0000	0
72.933	0.5790	-0.0280	0.0156	0.0714	0.4572	0.0330	0.0000	0.0000	0.0000	0.0000	0.0000	0
73.000	0.2101	-0.0634	0.0126	0.0739	0.4546	0.0291	0.0000	0.0000	0.0000	0.0000	0.0000	2
73.067	0.2661	0.0519	0.0165	0.0759	0.4550	0.0278	0.0000	0.0000	0.0000	0.0000	0.0000	0
73.133	0.1523	-0.0295	0.0136	0.0755	0.4564	0.0099	0.0000	0.0000	0.0000	0.0000	0.0000	0
73.200	-0.3318	0.0694	0.0212	0.0743	0.4634	0.0616	0.0000	0.0000	0.0000	0.0000	0.0000	0
73.267	-0.7585	0.1452	0.0160	0.0657	0.4657	0.0530	0.0000	0.0000	0.0000	0.0000	0.0000	0
73.333	-0.6407	0.0077	0.0128	0.0569	0.4676	0.0269	0.0000	0.0000	0.0000	0.0000	0.0000	0
73.400	-0.1956	-0.1026	0.0094	0.0523	0.4648	0.0165	0.0000	0.0000	0.0000	0.0000	0.0000	0
73.467	0.5398	0.0572	0.0072	0.0529	0.4626	0.0123	0.0000	0.0000	0.0000	0.0000	0.0000	1
73.533	1.2433	-0.0047	0.0111	0.0575	0.4604	0.0266	0.0000	0.0000	0.0000	0.0000	0.0000	0
73.600	0.8485	-0.0716	0.0115	0.0618	0.4571	0.0172	0.0000	0.0000	0.0000	0.0000	0.0000	0
73.667	0.4882	-0.0398	0.0117	0.0658	0.4562	0.0222	0.0000	0.0000	0.0000	0.0000	0.0000	0
73.733	0.4694	0.0195	0.0135	0.0684	0.4541	0.0301	0.0000	0.0000	0.0000	0.0000	0.0000	0
73.800	0.3338	0.0500	0.0134	0.0689	0.4536	0.0202	0.0000	0.0000	0.0000	0.0000	0.0000	0
73.867	0.2008	0.0041	0.0141	0.0711	0.4539	0.0209	0.0000	0.0000	0.0000	0.0000	0.0000	0
73.933	-0.1577	-0.0333	0.0160	0.0730	0.4560	0.0335	0.0000	0.0000	0.0000	0.0000	0.0000	0
74.000	-0.8892	-0.1280	0.0194	0.0662	0.4572	0.0626	0.0000	0.0000	0.0000	0.0000	0.0000	4
74.067	-0.7096	-0.0872	0.0116	0.0584	0.4579	0.0276	0.0000	0.0000	0.0000	0.0000	0.0000	0
74.133	-0.3592	0.1150	0.0087	0.0532	0.4539	0.0195	0.0000	0.0000	0.0000	0.0000	0.0000	0
74.200	0.2163	0.2942	0.0072	0.0517	0.4564	0.0071	0.0000	0.0000	0.0000	0.0000	0.0000	0
74.267	0.6401	0.0460	0.0067	0.0538	0.4522	0.0131	0.0000	0.0000	0.0000	0.0000	0.0000	0
74.333	0.9862	-0.0034	0.0102	0.0575	0.4522	0.0276	0.0000	0.0000	0.0000	0.0000	0.0000	0
74.400	0.6032	0.0294	0.0100	0.0601	0.4531	0.0170	0.0000	0.0000	0.0000	0.0000	0.0000	0
74.467	0.4000	0.0538	0.0094	0.0619	0.4505	0.0180	0.0000	0.0000	0.0000	0.0000	0.0000	1
74.533	0.3987	0.0453	0.0110	0.0648	0.4527	0.0202	0.0000	0.0000	0.0000	0.0000	0.0000	0
74.600	0.1863	0.0241	0.0105	0.0683	0.4537	0.0150	0.0000	0.0000	0.0000	0.0000	0.0000	0
74.667	-0.0624	-0.0096	0.0120	0.0710	0.4523	0.0177	0.0000	0.0000	0.0000	0.0000	0.0000	0
74.733	-0.4973	0.0734	0.0140	0.0683	0.4555	0.0379	0.0000	0.0000	0.0000	0.0000	0.0000	0
74.800	-1.0842	0.1346	0.0141	0.0601	0.4600	0.0350	0.0000	0.0000	0.0000	0.0000	0.0000	0
74.867	-0.4604	0.0602	0.0070	0.0550	0.4607	0.0163	0.0000	0.0000	0.0000	0.0000	0.0000	0
74.933	-0.1779	-0.0054	0.0052	0.0524	0.4565	0.0089	0.0000	0.0000	0.0000	0.0000	0.0000	0
75.000	0.1778	-0.0965	0.0050	0.0526	0.4581	0.0091	0.0000	0.0000	0.0000	0.0000	0.0000	2
75.067	0.5323	-0.1053	0.0074	0.0544	0.4550	0.0148	0.0000	0.0000	0.0000	0.0000	0.0000	0
75.133	0.4069	-0.0605	0.0063	0.0551	0.4555	0.0121	0.0000	0.0000	0.0000	0.0000	0.0000	0
75.200	0.4882	-0.0454	0.0076	0.0565	0.4516	0.0190	0.0000	0.0000	0.0000	0.0000	0.0000	0
75.267	0.4784	0.0305	0.0080	0.0594	0.4536	0.0108	0.0000	0.0000	0.0000	0.0000	0.0000	0
75.333	0.4477	0.0422	0.0102	0.0645	0.4530	0.0172	0.0000	0.0000	0.0000	0.0000	0.0000	0
75.400	0.0935	-0.0529	0.0073	0.0676	0.4503	0.0099	0.0000	0.0000	0.0000	0.0000	0.0000	0
75.467	-0.1614	0.0925	0.0085	0.0678	0.4506	0.0237	0.0000	0.0000	0.0000	0.0000	0.0000	1
75.533	-0.4714	0.0252	0.0091	0.0634	0.4525	0.0214	0.0000	0.0000	0.0000	0.0000	0.0000	0
75.600	-0.5118	0.0306	0.0074	0.0583	0.4550	0.0214	0.0000	0.0000	0.0000	0.0000	0.0000	0
75.667	-0.2778	-0.0090	0.0049	0.0547	0.4570	0.0111	0.0000	0.0000	0.0000	0.0000	0.0000	0
75.733	-0.0768	-0.0921	0.0028	0.0535	0.4515	0.0030	0.0000	0.0000	0.0000	0.0000	0.0000	0
75.800	0.0412	-0.1393	0.0028	0.0532	0.4539	0.0089	0.0000	0.0000	0.0000	0.0000	0.0000	0
75.867	0.1676	-0.0436	0.0031	0.0537	0.4516	0.0076	0.0000	0.0000	0.0000	0.0000	0.0000	0
75.933	0.1864	0.0261	0.0035	0.0542	0.4385	0.0091	0.0000	0.0000	0.0000	0.0000	0.0000	0
76.000	0.2270	0.0713	0.0037	0.0551	0.4318	0.0062	0.0000	0.0000	0.0000	0.0000	0.0000	8
76.067	0.1868	0.0524	0.0033	0.0563	0.4348	0.0047	0.0000	0.0000	0.0000	0.0000	0.0000	0
76.133	0.1371	0.0046	0.0036	0.0582	0.4346	0.0052	0.0000	0.0000	0.0000	0.0000	0.0000	0
76.200	-0.1068	0.0272	0.0025	0.0584	0.4349	0.0034	0.0000	0.0000	0.0000	0.0000	0.0000	0
76.267	-0.2689	-0.0064	0.0037	0.0567	0.4355	0.0106	0.0000	0.0000	0.0000	0.0000	0.0000	0
76.333	-0.2280	0.0011	0.0029	0.0551	0.4351	0.0081	0.0000	0.0000	0.0000	0.0000	0.0000	0
76.400	-0.1474	-0.0111	0.0019	0.0539	0.4348	0.0030	0.0000	0.0000	0.0000	0.0000	0.0000	0
76.467	-0.0762	-0.0497	0.0016	0.0532	0.4371	0.0030	0.0000	0.0000	0.0000	0.0000	0.0000	1
76.533	0.0267	-0.0321	0.0012	0.0531	0.4313	0.0020	0.0000	0.0000	0.0000	0.0000	0.0000	0
76.600	0.1230	-0.0123	0.0021	0.0533	0.4332	0.0079	0.0000	0.0000	0.0000	0.0000	0.0000	0
76.667	0.1774	0.0027	0.0027	0.0539	0.4345	0.0081	0.0000	0.0000	0.0000	0.0000	0.0000	0
76.733	0.2030	0.0173	0.0030	0.0548	0.4367	0.0052	0.0000	0.0000	0.0000	0.0000	0.0000	0
76.800	0.1803	0.0545	0.0033	0.0565	0.4367	0.0062	0.0000	0.0000	0.0000	0.0000	0.0000	0
76.867	0.1164	0.0275	0.0032	0.0583	0.4376	0.0044	0.0000	0.0000	0.0000	0.0000	0.0000	0
76.933	-0.1211	-0.0035	0.0030	0.0585	0.4375	0.0074	0.0000	0.0000	0.0000	0.0000	0.0000	0
77.000	-0.2263	-0.0162	0.0032	0.0571	0.4351	0.0081	0.0000	0.0000	0.0000	0.0000	0.0000	2
77.067	-0.2367	-0.0164	0.0029	0.0553	0.4360	0.0062	0.0000	0.0000	0.0000	0.0000	0.0000	0
77.133	-0.1551	-0.0006	0.0021	0.0540	0.4344	0.0037	0.0000	0.0000	0.0000	0.0000	0.0000	0
77.200	-0.0881	-0.0287	0.0016	0.0529	0.4360	0.0027	0.0000	0.0000	0.0000	0.0000	0.0000	0
77.267	0.0276	-0.0017	0.0018	0.0522	0.4337	0.0037	0.0000	0.0000	0.0000	0.0000	0.0000	0
77.333	0.0987	-0.0062	0.0015	0.0524	0.4355	0.0057	0.0000	0.0000	0.0000	0.0000	0.0000	0
77.400	0.1619	0.0156	0.0024	0.0530	0.4356	0.0047	0.0000	0.0000	0.0000	0.0000	0.0000	0
77.467	0.2185	0.0219	0.0031	0.0545	0.4340	0.0052	0.0000	0.0000	0.0000	0.0000	0.0000	1
77.533	0.1825	0.0098	0.0029	0.0561	0.4370	0.0042	0.0000	0.0000	0.0000	0.0000	0.0000	0
77.600	0.1492	0.0065	0.0033	0.0581	0.4367	0.0057	0.0000	0.0000	0.0000	0.0000	0.0000	0
77.667	-0.0409	-0.0164	0.0025	0.0588	0.4378	0.0054	0.0000	0.0000	0.0000	0.0000	0.0000	0
77.733	-0.2652	-0.0121	0.0037	0.0570	0.4358	0.0089	0.0000	0.0000	0.0000	0.0000	0.0000	0
77.800	-0.2101	0.0076	0.0027	0.0553	0.4393	0.0062	0.0000	0.0000	0.0000	0.0000	0.0000	0
77.867	-0.1937	-0.0117	0.0026	0.0535	0.4384	0.0052	0.0000	0.0000	0.0000	0.0000	0.0000	0
77.933	-0.0741	-0.0070	0.0018	0.0526	0.4445	0.0034	0.0000	0.0000	0.0000	0.0000	0.0000	0
78.000	0.0093	-0.0075	0.0010	0.0522	0.4414	0.0042	0.0000	0.0000	0.0000	0.0000	0.0000	4
78.067	0.1170	-0.0057	0.0020	0.0525	0.4409	0.0067	0.0000	0.0000	0.0000	0.0000	0.0000	0
78.133	0.1473	0.0086	0.0021	0.0532	0.4413	0.0052	0.0000	0.0000	0.0000	0.0000	0.0000	0
78.200	0.2259	-0.0015	0.0031	0.0547	0.4417	0.0062	0.0000	0.0000	0.0000	0.0000	0.0000	0
78.267	0.1850	0.0079	0.0030	0.0563	0.4406	0.0067	0.0000	0.0000	0.0000	0.0000	0.0000	0
78.333	0.1359	0.0306	0.0030	0.0579	0.4399	0.0067	0.0000	0.0000	0.0000	0.0000	0.0000	0
78.400	-0.0998	0.0030	0.0023	0.0576	0.4412	0.0062	0.0000	0.0000	0.0000	0.0000	0.0000	0
78.467	-0.2542	-0.0014	0.0033	0.0558	0.4405	0.0074	0.0000	0.0000	0.0000	0.0000	0.0000	1
78.533	-0.2630	-0.0151	0.0030	0.0539	0.4401	0.0057	0.0000	0.0000	0.0000	0.0000	0.0000	0
78.600	-0.1262	-0.0070	0.0017	0.0529	0.4406	0.0022	0.0000	0.0000	0.0000	0.0000	0.0000	0
78.667	-0.0639	-0.0160	0.0013	0.0523	0.4401	0.0032	0.0000	0.0000	0.0000	0.0000	0.0000	0
78.733	0.0368	-0.0146	0.0012	0.0522	0.4400	0.0059	0.0000	0.0000	0.0000	0.0000	0.0000	0
78.800	0.1362	-0.0001	0.0020	0.0525	0.4396	0.0054	0.0000	0.0000	0.0000	0.0000	0.0000	0
78.867	0.2069	0.0151	0.0028	0.0533	0.4399	0.0037	0.0000	0.0000	0.0000	0.0000	0.0000	0
78.933	0.1757	0.0120	0.0027	0.0545	0.4386	0.0042	0.0000	0.0000	0.0000	0.0000	0.0000	0
79.000	0.2372	0.0178	0.0036	0.0564	0.4397	0.0062	0.0000	0.0000	0.0000	0.0000	0.0000	2
79.067	0.0664	0.0277	0.0024	0.0575	0.4389	0.0044	0.0000	0.0000	0.0000	0.0000	0.0000	0
79.133	-0.1244	-0.0103	0.0027	0.0571	0.4389	0.0084	0.0000	0.0000	0.0000	0.0000	0.0000	0
79.200	-0.2590	-0.0153	0.0034	0.0556	0.4382	0.0071	0.0000	0.0000	0.0000	0.0000	0.0000	0
79.267	-0.2344	-0.0225	0.0028	0.0540	0.4402	0.0052	0.0000	0.0000	0.0000	0.0000	0.0000	0
79.333	-0.1705	-0.0184	0.0022	0.0526	0.4409	0.0039	0.0000	0.0000	0.0000	0.0000	0.0000	0
79.400	-0.0512	-0.0089	0.0013	0.0518	0.4405	0.0054	0.0000	0.0000	0.0000	0.0000	0.0000	0
79.467	0.0405	-0.0037	0.0015	0.0514	0.4409	0.0042	0.0000	0.0000	0.0000	0.0000	0.0000	1
79.533	0.1049	0.0019	0.0017	0.0517	0.4404	0.0059	0.0000	0.0000	0.0000	0.0000	0.0000	0
79.600	0.1646	0.0013	0.0023	0.0525	0.4410	0.0042	0.0000	0.0000	0.0000	0.0000	0.0000	0
79.667	0.2324	0.0018	0.0031	0.0542	0.4403	0.0062	0.0000	0.0000	0.0000	0.0000	0.0000	0
79.733	0.1883	-0.0036	0.0027	0.0557	0.4415	0.0034	0.0000	0.0000	0.0000	0.0000	0.0000	0
79.800	0.1616	0.0380	0.0031	0.0575	0.4406	0.0062	0.0000	0.0000	0.0000	0.0000	0.0000	0
79.867	-0.0384	-0.0071	0.0022	0.0579	0.4408	0.0030	0.0000	0.0000	0.0000	0.0000	0.0000	0
79.933	-0.2593	-0.0140	0.0040	0.0562	0.4481	0.0094	0.0000	0.0000	0.0000	0.0000	0.0000	0
80.000	-0.1839	-0.0076	0.0024	0.0547	0.4486	0.0052	0.0000	0.0000	0.0000	0.0000	0.0000	16
80.067	-0.2219	-0.0166	0.0026	0.0529	0.4495	0.0047	0.0000	0.0000	0.0000	0.0000	0.0000	0
80.133	-0.1035	0.0103	0.0014	0.0519	0.4497	0.0042	0.0000	0.0000	0.0000	0.0000	0.0000	0
80.200	-0.0101	0.0073	0.0010	0.0515	0.4490	0.0032	0.0000	0.0000	0.0000	0.0000	0.0000	0
80.267	0.1103	0.0037	0.0019	0.0519	0.4483	0.0042	0.0000	0.0000	0.0000	0.0000	0.0000	0
80.333	0.1422	0.0001	0.0021	0.0528	0.4467	0.0064	0.0000	0.0000	0.0000	0.0000	0.0000	0
80.400	0.2022	-0.0016	0.0026	0.0540	0.4478	0.0047	0.0000	0.0000	0.0000	0.0000	0.0000	0
80.467	0.2552	-0.0001	0.0035	0.0558	0.4471	0.0047	0.0000	0.0000	0.0000	0.0000	0.0000	1
80.533	0.1425	0.0162	0.0026	0.0572	0.4480	0.0052	0.0000	0.0000	0.0000	0.0000	0.0000	0
80.600	-0.0822	-0.0398	0.0026	0.0572	0.4473	0.0084	0.0000	0.0000	0.0000	0.0000	0.0000	0
80.667	-0.2661	-0.0101	0.0034	0.0553	0.4487	0.0081	0.0000	0.0000	0.0000	0.0000	0.0000	0
80.733	-0.2880	0.0021	0.0031	0.0534	0.4494	0.0094	0.0000	0.0000	0.0000	0.0000	0.0000	0
80.800	-0.1452	0.0099	0.0016	0.0526	0.4495	0.0037	0.0000	0.0000	0.0000	0.0000	0.0000	0
80.867	-0.0803	0.0117	0.0012	0.0520	0.4496	0.0022	0.0000	0.0000	0.0000	0.0000	0.0000	0
80.933	0.0507	0.0129	0.0013	0.0520	0.4496	0.0027	0.0000	0.0000	0.0000	0.0000	0.0000	0
81.000	0.1235	0.0030	0.0018	0.0524	0.4482	0.0071	0.0000	0.0000	0.0000	0.0000	0.0000	2
81.067	0.2237	0.0089	0.0030	0.0532	0.4473	0.0074	0.0000	0.0000	0.0000	0.0000	0.0000	0
81.133	0.1886	0.0002	0.0027	0.0543	0.4470	0.0037	0.0000	0.0000	0.0000	0.0000	0.0000	0
81.200	0.2535	-0.0097	0.0037	0.0561	0.4467	0.0047	0.0000	0.0000	0.0000	0.0000	0.0000	0
81.267	0.0439	-0.0215	0.0022	0.0570	0.4469	0.0042	0.0000	0.0000	0.0000	0.0000	0.0000	0
81.333	-0.2060	-0.0548	0.0035	0.0563	0.4472	0.0067	0.0000	0.0000	0.0000	0.0000	0.0000	0
81.400	-0.2496	-0.0043	0.0030	0.0549	0.4480	0.0096	0.0000	0.0000	0.0000	0.0000	0.0000	0
81.467	-0.2366	0.0144	0.0025	0.0536	0.4472	0.0057	0.0000	0.0000	0.0000	0.0000	0.0000	1
81.533	-0.1466	0.0165	0.0018	0.0524	0.4476	0.0052	0.0000	0.0000	0.0000	0.0000	0.0000	0
81.600	-0.0375	0.0242	0.0011	0.0518	0.4476	0.0042	0.0000	0.0000	0.0000	0.0000	0.0000	0
81.667	0.0826	0.0369	0.0019	0.0516	0.4476	0.0118	0.0000	0.0000	0.0000	0.0000	0.0000	0
81.733	0.1306	0.0151	0.0020	0.0519	0.4478	0.0047	0.0000	0.0000	0.0000	0.0000	0.0000	0
81.800	0.1870	-0.0023	0.0027	0.0530	0.4469	0.0054	0.0000	0.0000	0.0000	0.0000	0.0000	0
81.867	0.2149	0.0029	0.0029	0.0543	0.4472	0.0064	0.0000	0.0000	0.0000	0.0000	0.0000	0
81.933	0.2114	-0.0069	0.0037	0.0562	0.4426	0.0067	0.0000	0.0000	0.0000	0.0000	0.0000	0
82.000	0.0755	-0.0309	0.0024	0.0577	0.4428	0.0049	0.0000	0.0000	0.0000	0.0000	0.0000	4
82.067	-0.1490	-0.0843	0.0029	0.0570	0.4440	0.0079	0.0000	0.0000	0.0000	0.0000	0.0000	0
82.133	-0.3162	-0.0116	0.0040	0.0552	0.4466	0.0099	0.0000	0.0000	0.0000	0.0000	0.0000	0
82.200	-0.1971	0.0235	0.0024	0.0536	0.4469	0.0052	0.0000	0.0000	0.0000	0.0000	0.0000	0
82.267	-0.1608	0.0355	0.0021	0.0521	0.4473	0.0057	0.0000	0.0000	0.0000	0.0000	0.0000	0
82.333	-0.0325	0.0306	0.0011	0.0514	0.4468	0.0059	0.0000	0.0000	0.0000	0.0000	0.0000	0
82.400	0.0545	0.0368	0.0013	0.0512	0.4470	0.0054	0.0000	0.0000	0.0000	0.0000	0.0000	0
82.467	0.1620	0.0081	0.0023	0.0520	0.4453	0.0074	0.0000	0.0000	0.0000	0.0000	0.0000	1
82.533	0.1581	0.0025	0.0023	0.0531	0.4456	0.0059	0.0000	0.0000	0.0000	0.0000	0.0000	0
82.600	0.2374	0.0046	0.0033	0.0548	0.4444	0.0069	0.0000	0.0000	0.0000	0.0000	0.0000	0
82.667	0.1866	-0.0032	0.0030	0.0566	0.4446	0.0047	0.0000	0.0000	0.0000	0.0000	0.0000	0
82.733	0.0464	-0.0610	0.0021	0.0573	0.4452	0.0025	0.0000	0.0000	0.0000	0.0000	0.0000	0
82.800	-0.2017	-0.0490	0.0034	0.0563	0.4450	0.0076	0.0000	0.0000	0.0000	0.0000	0.0000	0
82.867	-0.2665	0.0015	0.0033	0.0544	0.4472	0.0069	0.0000	0.0000	0.0000	0.0000	0.0000	0
82.933	-0.2047	0.0228	0.0023	0.0529	0.4479	0.0052	0.0000	0.0000	0.0000	0.0000	0.0000	0
83.000	-0.1084	0.0392	0.0015	0.0520	0.4478	0.0052	0.0000	0.0000	0.0000	0.0000	0.0000	2
83.067	-0.0131	0.0365	0.0011	0.0516	0.4479	0.0027	0.0000	0.0000	0.0000	0.0000	0.0000	0
83.133	0.0889	0.0222	0.0014	0.0519	0.4470	0.0044	0.0000	0.0000	0.0000	0.0000	0.0000	0
83.200	0.1990	0.0086	0.0027	0.0527	0.4456	0.0062	0.0000	0.0000	0.0000	0.0000	0.0000	0
83.267	0.1977	0.0086	0.0028	0.0537	0.4458	0.0037	0.0000	0.0000	0.0000	0.0000	0.0000	0
83.333	0.1866	0.0073	0.0028	0.0551	0.4455	0.0039	0.0000	0.0000	0.0000	0.0000	0.0000	0
83.400	0.1838	-0.0260	0.0031	0.0567	0.4460	0.0042	0.0000	0.0000	0.0000	0.0000	0.0000	0
83.467	-0.0933	-0.0799	0.0025	0.0566	0.4467	0.0064	0.0000	0.0000	0.0000	0.0000	0.0000	1
83.533	-0.3080	-0.0161	0.0040	0.0550	0.4478	0.0067	0.0000	0.0000	0.0000	0.0000	0.0000	0
83.600	-0.2172	0.0180	0.0029	0.0541	0.4491	0.0047	0.0000	0.0000	0.0000	0.0000	0.0000	0
83.667	-0.1658	0.0260	0.0019	0.0530	0.4492	0.0054	0.0000	0.0000	0.0000	0.0000	0.0000	0
83.733	-0.0785	0.0384	0.0015	0.0521	0.4482	0.0064	0.0000	0.0000	0.0000	0.0000	0.0000	0
83.800	0.0299	0.0285	0.0011	0.0519	0.4478	0.0039	0.0000	0.0000	0.0000	0.0000	0.0000	0
83.867	0.1230	0.0256	0.0021	0.0522	0.4467	0.0094	0.0000	0.0000	0.0000	0.0000	0.0000	0
83.933	0.1693	0.0109	0.0028	0.0528	0.4440	0.0047	0.0000	0.0000	0.0000	0.0000	0.0000	0
84.000	0.1963	0.0104	0.0027	0.0541	0.4439	0.0042	0.0000	0.0000	0.0000	0.0000	0.0000	8
84.067	0.2226	0.0005	0.0030	0.0558	0.4447	0.0047	0.0000	0.0000	0.0000	0.0000	0.0000	0
84.133	0.1774	-0.0292	0.0034	0.0577	0.4435	0.0039	0.0000	0.0000	0.0000	0.0000	0.0000	0
84.200	-0.0829	-0.0567	0.0023	0.0579	0.4437	0.0052	0.0000	0.0000	0.0000	0.0000	0.0000	0
84.267	-0.2513	-0.0307	0.0037	0.0565	0.4461	0.0076	0.0000	0.0000	0.0000	0.0000	0.0000	0
84.333	-0.2548	0.0127	0.0031	0.0548	0.4467	0.0047	0.0000	0.0000	0.0000	0.0000	0.0000	0
84.400	-0.1794	0.0225	0.0021	0.0532	0.4482	0.0044	0.0000	0.0000	0.0000	0.0000	0.0000	0
84.467	-0.0983	0.0291	0.0017	0.0520	0.4487	0.0059	0.0000	0.0000	0.0000	0.0000	0.0000	1
84.533	0.0059	0.0197	0.0010	0.0515	0.4488	0.0059	0.0000	0.0000	0.0000	0.0000	0.0000	0
84.600	0.0878	0.0200	0.0017	0.0517	0.4475	0.0039	0.0000	0.0000	0.0000	0.0000	0.0000	0
84.667	0.1779	0.0146	0.0026	0.0529	0.4458	0.0057	0.0000	0.0000	0.0000	0.0000	0.0000	0
84.733	0.1625	0.0095	0.0025	0.0541	0.4464	0.0054	0.0000	0.0000	0.0000	0.0000	0.0000	0
84.800	0.2129	-0.0043	0.0029	0.0556	0.4465	0.0052	0.0000	0.0000	0.0000	0.0000	0.0000	0
84.867	0.2114	-0.0129	0.0032	0.0574	0.4468	0.0030	0.0000	0.0000	0.0000	0.0000	0.0000	0
84.933	-0.0465	-0.0329	0.0025	0.0577	0.4454	0.0057	0.0000	0.0000	0.0000	0.0000	0.0000	0
85.000	-0.2235	-0.0000	0.0034	0.0562	0.4469	0.0067	0.0000	0.0000	0.0000	0.0000	0.0000	2
85.067	-0.2637	0.0049	0.0032	0.0543	0.4503	0.0057	0.0000	0.0000	0.0000	0.0000	0.0000	0
85.133	-0.2005	0.0064	0.0023	0.0527	0.4492	0.0059	0.0000	0.0000	0.0000	0.0000	0.0000	0
85.200	-0.0938	0.0113	0.0012	0.0520	0.4495	0.0032	0.0000	0.0000	0.0000	0.0000	0.0000	0
85.267	0.0029	0.0121	0.0011	0.0518	0.4492	0.0025	0.0000	0.0000	0.0000	0.0000	0.0000	0
85.333	0.0939	0.0065	0.0016	0.0523	0.4485	0.0042	0.0000	0.0000	0.0000	0.0000	0.0000	0
85.400	0.1741	0.0068	0.0025	0.0532	0.4469	0.0044	0.0000	0.0000	0.0000	0.0000	0.0000	0
85.467	0.2052	0.0074	0.0027	0.0543	0.4475	0.0047	0.0000	0.0000	0.0000	0.0000	0.0000	1
85.533	0.2265	0.0047	0.0032	0.0558	0.4473	0.0047	0.0000	0.0000	0.0000	0.0000	0.0000	0
85.600	0.1842	-0.0331	0.0030	0.0573	0.4472	0.0042	0.0000	0.0000	0.0000	0.0000	0.0000	0
85.667	-0.1375	-0.0319	0.0030	0.0568	0.4486	0.0074	0.0000	0.0000	0.0000	0.0000	0.0000	0
85.733	-0.2940	0.0018	0.0038	0.0551	0.4494	0.0106	0.0000	0.0000	0.0000	0.0000	0.0000	0
85.800	-0.2641	0.0128	0.0028	0.0535	0.4510	0.0054	0.0000	0.0000	0.0000	0.0000	0.0000	0
85.867	-0.1945	0.0134	0.0020	0.0524	0.4506	0.0054	0.0000	0.0000	0.0000	0.0000	0.0000	0
85.933	-0.0533	0.0126	0.0014	0.0521	0.4438	0.0039	0.0000	0.0000	0.0000	0.0000	0.0000	0
86.000	0.0423	0.0053	0.0012	0.0520	0.4430	0.0044	0.0000	0.0000	0.0000	0.0000	0.0000	4
86.067	0.1348	0.0124	0.0021	0.0523	0.4430	0.0067	0.0000	0.0000	0.0000	0.0000	0.0000	0
86.133	0.1849	0.0138	0.0025	0.0530	0.4445	0.0052	0.0000	0.0000	0.0000	0.0000	0.0000	0
86.200	0.2145	-0.0008	0.0029	0.0541	0.4437	0.0030	0.0000	0.0000	0.0000	0.0000	0.0000	0
86.267	0.2322	-0.0189	0.0032	0.0558	0.4439	0.0057	0.0000	0.0000	0.0000	0.0000	0.0000	0
86.333	0.1715	-0.0064	0.0030	0.0575	0.4441	0.0047	0.0000	0.0000	0.0000	0.0000	0.0000	0
