t	zoom	rot	act	bright	sat	cut	onset	low	mid	high	rms	beatRank
0.000	0.0000	0.0000	0.0000	0.4841	0.0000	0.0000	0.0000	8.2445	7.4143	4.5813	0.0909	0
0.067	-1.9575	3.8871	0.2362	0.4821	0.0000	0.6115	2.2764	8.9777	7.9273	4.7988	0.1722	0
0.133	-1.9577	-3.9020	0.2360	0.4844	0.0000	0.6115	0.7407	10.6032	8.0525	5.4391	0.2380	0
0.200	-1.9547	-3.8995	0.2361	0.4825	0.0000	0.6125	1.0685	9.4084	8.0020	5.1589	0.2035	0
0.267	1.9523	-3.8909	0.2360	0.4840	0.0000	0.6125	0.3416	9.2200	8.2039	5.0118	0.1667	0
0.333	-1.9521	-3.8820	0.2361	0.4823	0.0000	0.6120	1.0627	7.8294	8.2214	4.6980	0.1380	0
0.400	-0.0000	0.0000	0.0002	0.4823	0.0000	0.0002	1.1591	9.6998	8.1290	5.2424	0.1649	0
0.467	0.0000	-0.0000	0.0002	0.4822	0.0000	0.0000	0.6678	9.0786	7.8830	4.6964	0.1790	0
0.533	-0.0000	-0.0001	0.0002	0.4822	0.0000	0.0012	1.1469	9.4456	7.7003	5.1154	0.1718	0
0.600	-0.0000	-0.0000	0.0001	0.4823	0.0000	0.0002	1.0525	8.9036	8.0227	5.8088	0.1441	0
0.667	0.0001	-0.0001	0.0003	0.4822	0.0000	0.0002	1.0875	8.9547	8.1931	6.5008	0.1675	0
0.733	-0.0000	-0.0000	0.0019	0.4823	0.0000	0.0007	0.9088	9.1478	8.5970	7.3011	0.1624	0
0.800	-0.0001	-0.0001	0.0003	0.4823	0.0000	0.0000	1.2350	8.7773	8.7368	7.4394	0.1540	0
0.867	0.0000	-0.0001	0.0002	0.4823	0.0000	0.0002	0.9125	9.1452	8.7624	7.8506	0.1636	0
0.933	0.0002	-0.0009	0.0031	0.4821	0.0000	0.0088	0.6738	7.9741	8.8821	7.4263	0.1345	0
1.000	-0.0003	-0.0002	0.0113	0.4824	0.0000	0.5453	1.5914	8.4134	9.4442	8.4777	0.1695	0
1.067	0.0002	-0.0001	0.0106	0.4824	0.0000	0.0554	1.1134	8.2287	9.5503	8.6856	0.1740	0
1.133	-0.0001	0.0001	0.0111	0.4832	0.0000	0.0000	0.9241	8.1335	9.9035	8.9117	0.1855	0
1.200	-0.0001	-0.0002	0.0112	0.4832	0.0000	0.5213	0.7190	6.3723	9.2070	7.8086	0.1344	0
1.267	0.0000	0.0001	0.0095	0.4829	0.0000	0.1534	1.4674	5.8605	8.8750	9.1741	0.1395	0
1.333	0.0001	-0.0005	0.0145	0.4848	0.0000	0.0206	1.2372	6.6370	8.7963	8.2785	0.1327	0
1.400	-0.0004	-0.0003	0.0152	0.4876	0.0000	0.2355	0.9506	4.6347	8.9938	9.2791	0.1441	0
1.467	0.0002	0.0005	0.0096	0.4851	0.0000	0.1118	0.9002	4.4067	9.1001	8.9325	0.1438	0
1.533	-0.0000	-0.0000	0.0109	0.4856	0.0000	0.1260	1.1909	3.7990	9.0364	8.8096	0.1416	0
1.600	0.0001	-0.0003	0.0153	0.4955	0.0000	0.4571	0.8886	3.8195	9.0466	9.1471	0.1387	0
1.667	0.0005	-0.0005	0.0164	0.4966	0.0000	0.6100	0.9104	4.6590	8.6173	7.9188	0.1080	0
1.733	0.0000	0.0002	0.0118	0.4935	0.0000	0.0569	1.4821	5.3406	9.0509	8.1830	0.1257	0
1.800	-0.0003	-0.0003	0.0277	0.4932	0.0000	0.3502	0.9042	5.0974	9.2390	7.7984	0.1406	0
1.867	0.0002	-0.0002	0.0359	0.5019	0.0000	0.1333	0.6524	6.2090	9.8834	7.8754	0.1551	0
1.933	0.0002	-0.0006	0.0195	0.5015	0.0000	0.1370	0.8986	5.3670	9.9587	8.1136	0.1594	0
2.000	-0.0005	0.0007	0.0374	0.5019	0.0000	0.1583	0.6138	5.1329	9.5414	8.2819	0.1481	0
2.067	-0.0000	-0.0002	0.0247	0.4962	0.0000	0.2855	3.2816	6.2198	9.3624	8.4528	0.1501	0
2.133	0.0001	-0.0006	0.0279	0.4966	0.0000	0.0772	0.8375	6.1398	9.5858	8.1295	0.1512	0
2.200	-0.0004	0.0012	0.0336	0.4953	0.0000	0.2684	1.1722	6.3029	9.6646	8.0206	0.1529	0
2.267	-0.0003	-0.0005	0.0628	0.4937	0.0000	0.3593	2.0434	6.3438	9.9018	8.0856	0.1683	0
2.333	-0.0000	-0.0001	0.0167	0.4956	0.0000	0.0458	0.7299	6.2167	9.8812	7.9970	0.1814	0
2.400	0.0000	-0.0005	0.0097	0.4967	0.0000	0.0978	1.2664	5.8254	9.8776	8.1037	0.1808	0
2.467	0.0004	0.0005	0.0173	0.5009	0.0000	0.1054	0.8366	5.9132	9.3854	8.0429	0.1529	0
2.533	-0.0003	-0.0006	0.0125	0.4983	0.0000	0.1118	1.1610	5.6432	9.6723	8.2624	0.1580	0
2.600	0.0003	0.0011	0.0692	0.4940	0.0000	0.0650	0.7891	4.5547	9.4723	8.3826	0.1459	0
2.667	-0.0004	-0.0017	0.0427	0.4923	0.0000	0.1885	1.0915	4.2822	9.7101	8.1677	0.1561	0
2.733	-0.0001	0.0020	0.0311	0.4914	0.0000	0.2843	1.0223	5.0453	9.5588	7.9932	0.1581	0
2.800	0.0008	-0.0006	0.0725	0.4919	0.0000	0.1917	0.7236	5.0986	9.4461	7.1415	0.1362	0
2.867	0.0004	-0.0004	0.0317	0.4896	0.0000	0.2159	0.6175	5.2253	9.1891	6.8499	0.1199	0
2.933	0.0003	0.0003	0.0786	0.4680	0.0000	0.2093	1.2011	4.1323	8.9323	6.7476	0.1054	0
3.000	-0.0013	0.0001	0.0285	0.4510	0.0000	0.0811	0.6678	4.3347	8.7065	6.9941	0.1513	0
3.067	0.0005	-0.0012	0.0525	0.4943	0.0000	0.1863	5.8271	11.8796	9.1828	5.1559	0.4008	0
3.133	0.0001	0.0020	0.0548	0.4895	0.0000	0.3184	0.1580	10.9316	5.9251	4.1489	0.3012	0
3.200	0.0007	-0.0015	0.0348	0.4664	0.0000	0.1900	2.2200	10.4687	7.7835	5.8177	0.1992	0
3.267	-0.0018	-0.0003	0.0315	0.4869	0.0000	0.0559	2.5598	9.7304	9.2635	7.1477	0.2056	0
3.333	0.0005	0.0010	0.0509	0.4931	0.0000	0.1716	0.9961	6.2852	10.2449	8.2120	0.1905	0
3.400	-0.0002	-0.0015	0.0294	0.4993	0.0000	0.1833	1.3981	5.8331	9.9949	8.6007	0.2431	0
3.467	0.0016	0.0017	0.1076	0.4900	0.0000	0.2015	3.5206	12.0124	8.1967	3.8116	0.4329	0
3.533	-0.0018	-0.0020	0.0522	0.4812	0.0000	0.2380	0.7167	10.8864	6.9303	4.8002	0.2853	0
3.600	0.0007	0.0005	0.0418	0.4909	0.0000	0.0985	2.2740	10.9150	8.0434	6.2389	0.2269	0
3.667	0.0004	-0.0020	0.0784	0.4885	0.0000	0.1439	1.6724	10.2235	8.8296	6.8683	0.2030	0
3.733	1.8544	-1.1631	0.1668	0.4976	0.0000	0.2488	6.3266	7.2906	11.0030	9.6175	0.2617	1
3.800	-0.0007	-0.0016	0.0925	0.4862	0.0000	0.0586	0.2951	7.7144	9.7605	8.8565	0.1966	0
3.867	-0.0006	-0.0013	0.0238	0.4948	0.0000	0.0581	0.5910	7.5365	9.7864	8.3526	0.2324	0
3.933	0.0018	-0.0000	0.0390	0.4668	0.0000	0.0301	0.8374	11.4877	10.3739	6.6904	0.3221	0
4.000	-0.0013	-0.0015	0.0471	0.4930	0.0000	0.0831	0.1223	10.5542	6.7070	4.2019	0.2264	0
4.067	-0.0004	0.0017	0.0414	0.4985	0.0000	0.0752	2.2615	9.8401	7.8319	5.9679	0.1833	0
4.133	0.0010	0.0028	0.0389	0.4966	0.0000	0.3466	1.6999	10.0109	8.8055	7.2874	0.1977	0
4.200	-0.0013	-0.0010	0.0304	0.4911	0.0000	0.1762	0.4409	7.3121	9.9870	8.1393	0.1815	0
4.267	-0.0004	-0.0017	0.0285	0.4916	0.0000	0.2836	1.8310	5.6649	9.8031	8.8684	0.1873	0
4.333	-0.0002	-0.0023	0.0396	0.4918	0.0000	0.0833	1.0292	5.9321	9.6749	8.7064	0.1771	0
4.400	0.0006	-0.0008	0.0259	0.4773	0.0000	0.0583	0.7661	6.4034	9.7211	8.6971	0.2066	2
4.467	0.0012	0.0022	0.0748	0.4262	0.0000	0.1664	3.4739	12.0098	9.9465	6.0788	0.4427	0
4.533	-0.0013	-0.0002	0.0656	0.4804	0.0000	0.0782	0.3964	11.2600	7.4742	7.7031	0.3434	0
4.600	-1.8458	-0.0283	0.1539	0.4523	0.0000	0.1740	2.4480	10.8890	8.9217	8.4689	0.2780	0
4.667	0.0006	-0.0014	0.0898	0.4810	0.0000	0.3284	1.0010	10.1300	10.2411	8.7329	0.2995	0
4.733	0.0005	0.0012	0.1080	0.4938	0.0000	0.3333	1.6090	6.4836	10.7689	9.9416	0.3179	0
4.800	1.8831	2.0352	0.1633	0.4828	0.0000	0.1510	0.6839	9.4117	11.0231	8.9102	0.3712	0
4.867	-0.0007	0.0037	0.0463	0.4596	0.0000	0.0600	0.3919	12.0673	6.5962	6.0474	0.4428	0
4.933	0.0025	-0.0061	0.1318	0.4857	0.0000	0.1525	2.3015	11.1590	7.3075	7.6832	0.3254	0
5.000	-0.0012	-0.0006	0.0623	0.4855	0.0000	0.0946	2.7613	11.0493	9.0285	8.8489	0.2812	0
5.067	-0.0000	-0.0019	0.0695	0.4949	0.0000	0.1907	1.5792	10.2371	9.5604	8.8483	0.2704	0
5.133	-0.0024	-0.0038	0.1308	0.4864	0.0000	0.0801	2.4144	6.9472	11.1533	9.9287	0.3047	1
5.200	0.0011	0.0011	0.0238	0.4919	0.0000	0.0838	0.5421	7.2829	10.5768	10.0018	0.2909	0
5.267	-0.0011	-0.0002	0.0453	0.4595	0.0000	0.2132	0.5400	7.1215	10.5790	9.8679	0.2916	0
5.333	0.0037	-0.0039	0.1111	0.4311	0.0000	0.2078	2.6823	11.6924	8.2909	5.4591	0.3613	0
5.400	-0.0019	-0.0000	0.0695	0.4727	0.0000	0.1142	0.5789	10.5630	6.3340	5.5376	0.2389	0
5.467	0.0026	-0.0000	0.0758	0.4011	0.0000	0.2765	1.5630	10.1892	7.3232	7.6507	0.2056	0
5.533	-0.0030	0.0014	0.0893	0.4607	0.0000	0.3218	2.6815	10.2281	8.6040	7.8118	0.2184	0
5.600	0.0013	-0.0007	0.0572	0.4751	0.0000	0.0762	1.6194	7.8906	9.6398	9.8237	0.2236	0
5.667	3.6575	4.1888	0.1798	0.4938	0.0000	0.2027	1.7420	3.6126	9.9544	9.4486	0.2183	0
5.733	3.6575	-4.1888	0.1730	0.4996	0.0000	0.3694	0.7645	4.4300	9.8486	9.2181	0.1960	0
5.800	0.0006	-0.0006	0.0248	0.4916	0.0000	0.0691	0.9906	6.8813	10.1793	9.5973	0.2813	4
5.867	0.0002	-0.0031	0.0798	0.4795	0.0000	0.1424	1.7677	11.8124	6.6177	4.7085	0.3822	0
5.933	-0.0021	0.0031	0.0950	0.4681	0.0000	0.1375	1.0464	10.4704	6.3154	6.2428	0.2254	0
6.000	0.0019	-0.0013	0.0731	0.4018	0.0000	0.2270	2.4510	10.6565	7.4172	7.0219	0.2223	0
6.067	-0.0016	0.0002	0.0724	0.4643	0.0000	0.2191	1.6162	9.7915	8.5180	8.0033	0.2132	0
6.133	0.0022	0.0005	0.0577	0.4454	0.0000	0.0679	1.1057	6.2673	9.7205	9.2950	0.2025	0
6.200	-0.0010	-0.0022	0.0421	0.4362	0.0000	0.0262	0.8680	9.3031	10.4910	9.2695	0.3292	0
6.267	-0.0002	-0.0033	0.0825	0.4929	0.0000	0.4017	0.4211	12.2347	6.2393	4.6683	0.4714	0
6.333	0.0001	0.0059	0.0947	0.4793	0.0000	0.1870	1.2062	10.4852	6.5482	5.9291	0.2715	0
6.400	0.0013	-0.0003	0.1572	0.3279	0.0000	0.3522	2.4727	10.9440	8.0715	7.5491	0.2663	0
6.467	-0.0025	-0.0034	0.1646	0.4911	0.0000	0.3806	2.1690	10.4057	8.2693	7.9817	0.2436	0
6.533	0.0015	0.0049	0.0644	0.4785	0.0000	0.0716	2.9114	7.7509	10.7613	10.2320	0.2646	1
6.600	-0.0039	-0.0077	0.1235	0.3645	0.0000	0.4022	0.3506	6.2400	9.5080	9.7162	0.2007	0
6.667	0.0030	0.0096	0.1214	0.4728	0.0000	0.3417	0.6952	5.2554	9.3960	9.5981	0.2183	0
6.733	-0.0008	-0.0035	0.0422	0.4816	0.0000	0.1020	2.3736	11.4168	9.2598	5.7398	0.3507	0
6.800	1.7857	0.0014	0.1485	0.4700	0.0000	0.1056	0.1759	10.7040	5.4579	5.5191	0.2718	0
6.867	-0.0012	-0.0032	0.1313	0.4722	0.0000	0.1721	2.4164	10.3179	7.3439	7.0791	0.1850	0
6.933	0.0071	-0.0096	0.1385	0.4041	0.0000	0.2444	2.0073	9.3892	8.3145	8.2315	0.1783	0
7.000	2.2629	-4.1888	0.2052	0.4875	0.0000	0.4576	1.3170	8.5101	9.3442	8.9456	0.1913	0
7.067	-0.0013	-0.0065	0.1108	0.4870	0.0000	0.2789	2.2469	4.6348	9.7533	9.3684	0.1941	0
7.133	0.0006	0.0009	0.0287	0.4842	0.0000	0.1056	0.7081	4.0672	9.7186	9.0863	0.1748	0
7.200	0.0006	-0.0001	0.1457	0.4757	0.0000	0.0816	0.9950	6.8098	10.1400	9.4062	0.3200	2
7.267	0.0026	0.0019	0.0595	0.4779	0.0000	0.1135	2.1084	12.0986	7.2839	6.2514	0.4544	0
7.333	-0.0024	0.0019	0.1183	0.4946	0.0000	0.1571	0.9346	10.8247	6.6089	8.0781	0.2712	0
7.400	0.0006	0.0015	0.1356	0.4431	0.0000	0.2407	2.1052	10.8864	10.7059	8.6695	0.2878	0
7.467	-0.0021	0.0018	0.0695	0.4289	0.0000	0.1208	0.0163	10.0519	7.1648	6.8415	0.1640	0
7.533	0.0004	-0.0027	0.1342	0.4622	0.0000	0.0745	1.4411	9.1698	6.7296	7.9705	0.1453	0
7.600	-0.0013	-0.0032	0.0823	0.4170	0.0000	0.1319	2.7127	9.5626	8.4497	9.2626	0.1947	0
7.667	0.0039	0.0029	0.1075	0.4893	0.0000	0.2615	2.8073	10.8306	10.7968	8.3624	0.3670	0
7.733	-0.0049	-0.0018	0.1130	0.3944	0.0000	0.3157	0.1565	11.9229	6.7627	6.3767	0.4282	0
7.800	1.7696	0.0246	0.1577	0.4757	0.0000	0.3199	1.6230	10.2338	7.2378	8.8212	0.2694	0
7.867	-3.6575	-4.1888	0.2162	0.4589	0.0000	0.1125	2.1539	10.2900	8.7351	10.1855	0.3069	0
7.933	3.6575	4.1888	0.2053	0.4852	0.0000	0.1694	7.3346	8.6465	9.9484	10.8500	0.3181	1
8.000	0.0032	0.0052	0.0835	0.4299	0.0000	0.1824	0.2761	7.1490	9.5674	10.9649	0.2940	0
8.067	-2.0286	4.1888	0.1782	0.4395	0.0000	0.1755	0.5372	6.9767	9.8646	10.5944	0.2985	0
8.133	0.0013	-0.0013	0.0707	0.4720	0.0000	0.0855	3.1910	11.3734	9.0052	6.0972	0.3999	0
8.200	-1.8443	-0.0236	0.1542	0.4564	0.0000	0.0311	0.1774	11.0530	7.0178	6.3334	0.3428	0
8.267	0.0022	0.0071	0.0739	0.4607	0.0000	0.1495	2.6678	10.9122	7.2070	8.1749	0.2348	0
8.333	-2.0985	4.1888	0.1963	0.4091	0.0000	0.2034	4.4064	9.7899	8.3392	9.3919	0.2231	0
8.400	-0.0048	-0.0083	0.1196	0.4565	0.0000	0.1539	0.7193	6.3915	9.0666	10.5267	0.2260	0
8.467	-3.6575	-4.1888	0.1942	0.4807	0.0000	0.1159	0.7163	3.9513	9.4735	9.7513	0.1998	0
8.533	3.6575	4.1888	0.2333	0.4720	0.0000	0.1086	0.9958	3.1762	9.2506	9.8128	0.1924	0
8.600	0.0007	-0.0163	0.1562	0.4006	0.0000	0.3458	0.7271	6.3070	10.0144	9.5600	0.2501	8
8.667	3.6575	4.1888	0.1692	0.4464	0.0000	0.1958	2.1844	12.2000	7.7456	4.6775	0.4241	0
8.733	0.9124	-0.7225	0.2046	0.4763	0.0000	0.0738	0.6533	10.7268	6.7960	5.4881	0.2688	0
8.800	2.1666	4.1888	0.2279	0.4884	0.0000	0.0828	2.5598	10.8262	8.0781	6.4812	0.2309	0
8.867	-0.0003	-0.0111	0.1364	0.4102	0.0000	0.2169	2.8507	10.3354	8.9719	7.3444	0.2229	0
8.933	0.0021	-0.0008	0.1071	0.4365	0.0000	0.1218	2.6011	5.7502	9.9299	8.3715	0.1946	0
9.000	-0.0007	0.0030	0.1039	0.4790	0.0000	0.3206	1.2014	11.4852	10.7495	7.4560	0.4043	0
9.067	0.0151	-0.0191	0.1502	0.4662	0.0000	0.0770	0.8651	12.1919	6.3554	3.9021	0.4643	0
9.133	3.6575	-4.1888	0.1988	0.4744	0.0000	0.0341	1.0160	10.6124	6.8206	5.1740	0.2719	0
9.200	-0.0010	-0.0019	0.0783	0.4446	0.0000	0.1377	1.8375	11.0700	7.9927	6.4594	0.2686	0
9.267	2.3747	-4.1888	0.2121	0.3945	0.0000	0.1380	2.0497	10.7158	8.8300	7.1850	0.2581	0
9.333	-2.2088	4.1888	0.2200	0.4689	0.0000	0.1603	10.5710	8.0714	10.3118	9.3850	0.2520	1
9.400	-3.6575	4.1888	0.2103	0.4586	0.0000	0.2311	0.3266	8.1901	9.9153	8.5345	0.1965	0
9.467	0.0006	-0.0077	0.1345	0.4680	0.0000	0.1667	0.7005	8.4650	10.6086	8.3383	0.3180	0
9.533	0.0032	0.0089	0.1002	0.4560	0.0000	0.1096	1.1990	11.9476	6.9695	4.6017	0.4124	0
9.600	0.0002	-0.0112	0.1060	0.4590	0.0000	0.0596	0.2777	11.1549	6.3518	4.8792	0.3225	0
9.667	-0.0003	-0.0010	0.0466	0.4442	0.0000	0.0728	2.1283	11.0145	7.8840	6.0543	0.2607	0
9.733	-0.0052	0.0090	0.1113	0.4054	0.0000	0.2980	1.6630	10.3731	8.8318	7.2833	0.2514	0
9.800	1.7843	-0.0227	0.1408	0.4898	0.0000	0.1917	0.9814	6.6697	9.8761	7.9628	0.1818	0
9.867	-0.0017	-0.0053	0.0894	0.4478	0.0000	0.1998	0.9628	5.5328	9.7220	8.4503	0.1749	0
9.933	-3.6575	4.1888	0.2000	0.4135	0.0000	0.1929	1.0269	11.4590	11.0367	7.3743	0.3954	0
10.000	2.5547	4.1888	0.1859	0.3930	0.0000	0.1304	0.1882	11.5256	6.3337	4.3147	0.3647	2
10.067	-0.0012	0.0014	0.0847	0.3966	0.0000	0.1078	1.1608	10.4808	7.2028	5.2729	0.2312	0
10.133	-0.0002	-0.0023	0.1014	0.4899	0.0000	0.2723	2.5192	10.9496	7.7631	6.6272	0.2566	0
10.200	3.6575	4.1888	0.1557	0.4605	0.0000	0.1684	3.7507	11.2988	10.5487	7.0682	0.3316	0
10.267	-0.0128	-0.0042	0.2210	0.2457	0.0000	0.5733	0.0687	10.6127	6.7749	4.2591	0.2382	0
10.333	0.0024	0.0006	0.1493	0.3927	0.0000	0.4132	1.7542	9.6432	7.4212	5.7374	0.1629	0
10.400	0.0034	-0.0026	0.1307	0.4812	0.0000	0.3235	2.2797	11.4296	10.3417	6.5821	0.3911	0
10.467	-0.0009	0.0026	0.0438	0.4813	0.0000	0.1446	0.1205	11.8538	6.2873	4.3716	0.4258	0
10.533	3.6575	-4.1888	0.2304	0.4439	0.0000	0.0598	3.5718	10.3613	7.2069	6.4655	0.2584	0
10.600	-0.0064	-0.0173	0.1296	0.4172	0.0000	0.1831	2.1891	10.4033	8.2906	7.4426	0.2523	0
10.667	-3.6575	-4.1888	0.2021	0.3660	0.0000	0.1507	1.5098	10.5564	9.1930	7.2420	0.2374	1
10.733	-0.0049	0.0038	0.1063	0.4037	0.0000	0.1059	6.7134	6.9696	10.0807	9.5762	0.2335	0
10.800	-3.6575	-4.1888	0.1903	0.3164	0.0000	0.1998	0.5099	7.2457	9.6255	8.5121	0.1651	0
10.867	0.0202	-0.0067	0.1823	0.4775	0.0000	0.3468	0.6401	6.8774	10.3927	8.0702	0.2304	0
10.933	-2.4092	-4.1888	0.2156	0.4271	0.0000	0.2054	2.0082	11.2660	7.6177	3.8482	0.2734	0
11.000	-0.0005	0.0035	0.0944	0.4481	0.0000	0.1539	0.9494	9.7436	6.5067	4.6268	0.1638	0
11.067	2.2226	4.1888	0.2011	0.3566	0.0000	0.1841	2.2934	9.7622	7.8055	6.5908	0.1518	0
11.133	-0.0152	-0.0238	0.1359	0.3376	0.0000	0.1716	2.0805	9.1269	8.6577	7.6662	0.1498	0
11.200	0.0038	-0.0001	0.1488	0.4479	0.0000	0.2120	0.6492	6.3507	9.7395	8.5377	0.1605	0
11.267	-0.0014	0.0084	0.1377	0.4835	0.0000	0.1475	0.9326	6.0662	9.8925	8.3459	0.1704	0
11.333	-0.0057	0.0107	0.1354	0.4699	0.0000	0.0507	0.5885	6.1591	9.9234	8.2163	0.1698	0
11.400	-0.0706	-4.1888	0.2484	0.2246	0.0000	0.5775	0.6167	8.8864	11.0775	10.1630	0.2883	4
11.467	-3.6575	-4.1888	0.1501	0.3493	0.0000	0.3583	0.4393	12.0536	7.6326	5.5720	0.3840	0
11.533	-0.0176	0.0010	0.1277	0.3987	0.0000	0.1478	1.4791	9.9770	8.2551	7.4528	0.2487	0
11.600	0.0017	-0.0051	0.1088	0.4880	0.0000	0.1765	1.9183	10.1591	9.7480	8.5698	0.2728	0
11.667	-0.0036	-0.0017	0.1713	0.3295	0.0000	0.3194	1.5592	10.0589	10.1771	8.5632	0.2650	0
11.733	0.0006	-0.0034	0.1595	0.4696	0.0000	0.3034	2.0665	5.1238	11.0261	9.8922	0.3144	0
11.800	0.0002	0.0015	0.1099	0.4708	0.0000	0.1613	0.5321	10.7120	11.0053	7.8907	0.3815	0
11.867	3.6575	-4.1888	0.2160	0.2931	0.0000	0.4882	0.2203	11.6696	7.2137	5.1071	0.3749	0
11.933	2.0984	4.1888	0.2102	0.4101	0.0000	0.2961	2.6775	10.1108	8.2968	7.7356	0.2536	0
12.000	-3.6575	4.1888	0.2185	0.4471	0.0000	0.2078	2.2309	10.5524	9.6997	9.0419	0.2729	0
12.067	0.0009	-0.0091	0.1278	0.4124	0.0000	0.2858	0.6912	9.4641	10.6850	9.2810	0.2952	1
12.133	2.4499	4.1888	0.1867	0.3490	0.0000	0.1900	4.3779	7.9822	10.6250	10.1365	0.3082	0
12.200	0.0101	-0.0017	0.1360	0.4252	0.0000	0.1642	0.4413	7.8151	10.6501	9.8789	0.2903	0
12.267	3.6575	-4.1888	0.1861	0.3900	0.0000	0.1032	0.3866	6.3978	10.6399	9.9770	0.2945	0
12.333	-3.6575	4.1888	0.2003	0.4638	0.0000	0.1578	0.8499	4.3968	9.8643	9.7496	0.2391	0
12.400	-3.6575	-4.1888	0.1770	0.3994	0.0000	0.1723	0.6407	2.6433	9.9460	8.9915	0.2010	0
12.467	-2.1415	3.1656	0.1744	0.4358	0.0000	0.2020	1.8370	7.6749	10.5005	8.9217	0.3276	0
12.533	-3.6575	-4.1888	0.1945	0.4673	0.0000	0.0828	1.5531	11.9822	7.0403	4.7963	0.4247	0
12.600	-0.0061	-0.0013	0.1522	0.4487	0.0000	0.1238	0.9538	10.6122	6.8711	6.9941	0.2578	0
12.667	-3.6575	-4.1888	0.2013	0.4448	0.0000	0.1951	1.5603	11.0197	8.0070	7.8235	0.2619	0
12.733	3.6575	4.1888	0.2179	0.4033	0.0000	0.2434	1.4749	10.2863	8.4638	7.9474	0.2631	0
12.800	-3.6575	-4.1888	0.2040	0.3905	0.0000	0.0706	3.3674	7.8525	11.0076	9.9066	0.2785	2
12.867	0.0061	0.0032	0.1339	0.3963	0.0000	0.1174	0.4042	7.9858	9.5505	8.8490	0.1748	0
12.933	3.0875	4.1888	0.2049	0.2459	0.0000	0.3770	0.3767	7.8968	9.3742	8.3160	0.1497	0
13.000	0.0016	-0.0013	0.1707	0.3905	0.0000	0.4404	0.7104	5.9169	10.0133	8.3422	0.1757	0
13.067	-2.4961	4.1888	0.2080	0.4561	0.0000	0.1591	1.0607	5.8309	9.9401	8.3893	0.1857	0
13.133	-1.9703	-1.7184	0.1352	0.4723	0.0000	0.1135	0.8249	5.7176	9.6817	8.4986	0.1817	0
13.200	0.0009	-0.0019	0.1584	0.4800	0.0000	0.0779	1.5915	10.4726	10.5436	7.7792	0.3207	0
13.267	0.0026	0.0018	0.1827	0.3071	0.0000	0.3681	0.1750	11.6860	6.4275	4.1525	0.3693	0
13.333	-2.5729	4.1888	0.2187	0.4460	0.0000	0.2882	1.3564	9.9601	7.1506	5.6354	0.2341	0
13.400	-3.6575	-4.1888	0.1810	0.4628	0.0000	0.0365	1.7260	10.4829	8.1877	6.8652	0.2334	0
13.467	-0.9492	3.5852	0.2456	0.2442	0.0000	0.5115	1.8201	9.5309	9.8365	8.3329	0.2482	1
13.533	3.6575	0.0208	0.1995	0.4202	0.0000	0.4179	5.6838	7.6911	10.2761	9.1135	0.2419	0
13.600	-3.6575	4.1888	0.1962	0.3152	0.0000	0.3294	0.3255	7.1128	9.4755	8.0024	0.1526	0
13.667	0.1292	-0.6290	0.1901	0.4233	0.0000	0.3738	0.7207	5.7068	9.4371	8.0329	0.1414	0
13.733	2.3763	-4.1888	0.1706	0.4698	0.0000	0.1645	0.7962	4.9877	9.1902	8.0661	0.1319	0
13.800	0.0126	0.0059	0.2300	0.2401	0.0000	0.5147	1.0210	3.6467	9.3588	8.3632	0.1421	0
13.867	-2.0109	-3.6819	0.2130	0.4254	0.0000	0.5137	0.7514	4.6409	9.6460	8.3423	0.1537	0
13.933	0.0177	-0.0163	0.1723	0.4253	0.0000	0.1005	0.8365	4.3290	9.7265	7.9716	0.1490	0
14.000	3.6575	4.1888	0.2220	0.4845	0.0000	0.1343	0.7644	5.6995	8.9729	6.9458	0.1216	0
14.067	0.0050	0.0162	0.2276	0.2710	0.0000	0.5243	0.9482	3.8034	8.9803	6.6955	0.1102	0
14.133	0.8617	-4.1888	0.1176	0.2281	0.0000	0.1752	0.6082	4.3867	8.6614	6.7918	0.0937	0
14.200	-1.0919	-2.9300	0.1674	0.3504	0.0000	0.4348	2.8621	10.7554	10.8520	7.1325	0.3129	16
14.267	0.0014	0.0010	0.1505	0.4811	0.0000	0.3260	2.0982	11.5711	6.7656	4.7537	0.3331	0
14.333	-0.0010	0.0039	0.2013	0.2965	0.0000	0.4838	0.7976	9.6576	6.6488	5.0392	0.1814	0
14.400	0.0305	-0.0030	0.1199	0.2706	0.0000	0.1583	1.9465	9.9969	8.6166	6.5054	0.1854	0
14.467	-2.5059	-4.1888	0.2262	0.4699	0.0000	0.4750	2.2253	9.4669	9.3716	7.5460	0.1884	0
14.533	2.3446	4.1888	0.2103	0.3900	0.0000	0.1880	2.4506	5.8854	9.8311	8.4741	0.2156	0
14.600	-2.1000	4.1888	0.1838	0.2220	0.0000	0.4591	3.0012	11.9736	10.0071	5.9636	0.4415	0
14.667	-0.0319	-0.0088	0.2042	0.4128	0.0000	0.5757	0.1593	11.3920	6.9447	4.2165	0.3591	0
14.733	-3.6575	4.1888	0.2046	0.4109	0.0000	0.1605	2.8002	11.0021	7.5770	5.8185	0.2700	0
14.800	0.0007	0.0037	0.1386	0.4144	0.0000	0.1191	1.7069	10.9315	8.2716	6.6065	0.2793	0
14.867	-3.6575	-4.1888	0.2197	0.3426	0.0000	0.2154	1.6667	10.1185	9.6380	8.1444	0.2697	1
14.933	3.6575	4.1888	0.1683	0.2851	0.0000	0.1914	6.7050	8.4745	10.1208	9.1174	0.2560	0
15.000	-3.6575	-4.1888	0.1882	0.3223	0.0000	0.1772	0.5615	8.4202	9.9907	8.3614	0.1877	0
15.067	-3.6575	-4.1888	0.2396	0.4757	0.0000	0.3275	0.7120	10.7533	10.7227	8.1518	0.3651	0
15.133	-3.6575	-4.1888	0.2154	0.4328	0.0000	0.1025	0.1922	12.0381	6.3301	3.8240	0.4421	0
15.200	-0.0097	0.0225	0.1805	0.3483	0.0000	0.2105	1.5947	10.3343	6.9501	5.4506	0.2833	0
15.267	0.0094	0.0083	0.1334	0.3537	0.0000	0.0483	2.4637	11.1427	7.8627	6.2131	0.2665	0
15.333	-3.6575	-4.1888	0.1813	0.3040	0.0000	0.1400	2.0402	10.7532	8.6628	6.9859	0.2156	0
15.400	0.0014	0.0002	0.1587	0.4393	0.0000	0.2912	2.1460	5.2528	9.9838	7.9795	0.1665	0
15.467	0.0004	-0.0049	0.0761	0.4133	0.0000	0.0608	0.8175	5.6413	9.8367	8.2068	0.1626	0
15.533	-0.0034	-0.0321	0.1850	0.2418	0.0000	0.4382	0.8447	6.2950	9.6526	8.3897	0.1580	0
15.600	-2.4444	-0.7917	0.2575	0.4834	0.0000	0.5882	2.8816	9.4302	11.1156	9.7136	0.2674	2
15.667	-0.0105	-0.0095	0.1625	0.4003	0.0000	0.1613	0.1087	10.1407	7.4032	5.7953	0.1656	0
15.733	3.6575	-4.1888	0.1814	0.3289	0.0000	0.2172	1.3855	8.6743	8.4605	7.8908	0.1405	0
15.800	3.6575	4.1888	0.1283	0.2985	0.0000	0.1091	2.6967	9.2687	9.4154	8.3519	0.1984	0
15.867	3.6575	-4.1888	0.2078	0.4068	0.0000	0.1816	2.1613	8.4054	10.0383	8.7519	0.2496	0
15.933	0.0001	-0.0104	0.1158	0.3690	0.0000	0.1100	2.4649	5.1407	11.2645	9.8913	0.3261	0
16.000	-0.0003	0.0081	0.1624	0.4791	0.0000	0.2414	1.2141	10.5475	10.0672	6.4805	0.3160	0
16.067	3.6575	4.1888	0.1717	0.4558	0.0000	0.0794	0.1721	10.5883	7.1177	5.8667	0.2569	0
16.133	0.0008	0.0026	0.1221	0.4189	0.0000	0.1032	3.5330	9.8819	8.5523	7.8688	0.1846	0
16.200	-0.0019	-0.0042	0.1562	0.3058	0.0000	0.2691	2.2764	8.8706	9.7533	9.2011	0.2121	0
16.267	-3.1747	4.1888	0.2168	0.4735	0.0000	0.3581	0.5610	7.3140	11.2360	9.6126	0.3029	1
16.333	3.6575	-4.1888	0.1934	0.4286	0.0000	0.1672	6.0285	7.3765	10.7604	10.0902	0.3301	0
16.400	0.0017	-0.0028	0.1390	0.3779	0.0000	0.2039	0.6230	7.4425	10.6904	9.7269	0.2902	0
16.467	-3.6575	4.1888	0.1977	0.3981	0.0000	0.1500	0.6559	10.4587	10.4598	8.5060	0.3566	0
16.533	-1.7077	-0.2805	0.1860	0.4299	0.0000	0.1110	0.2189	11.9145	6.3874	5.0040	0.4146	0
16.600	0.0037	-0.0121	0.1216	0.3996	0.0000	0.1292	1.2229	10.2501	7.3773	7.2451	0.2723	0
16.667	3.6575	-4.1888	0.1590	0.4354	0.0000	0.1667	2.0152	10.7851	8.8117	7.7840	0.2702	0
16.733	-3.6575	-4.1888	0.1663	0.3938	0.0000	0.0975	0.6731	10.0733	9.4387	9.7159	0.2440	0
16.800	0.0006	0.0047	0.1083	0.4557	0.0000	0.1419	1.9634	4.6765	9.7609	9.5566	0.2081	0
16.867	3.6575	-4.1888	0.1890	0.3975	0.0000	0.1659	0.6833	3.9262	9.4900	9.4336	0.1823	0
16.933	0.0289	-0.0070	0.1626	0.2950	0.0000	0.2380	0.7644	4.2948	9.9513	8.8184	0.1986	4
17.000	3.6575	-4.1888	0.1517	0.3141	0.0000	0.1407	3.0166	11.0964	10.4574	7.4230	0.3404	0
17.067	0.0042	0.0090	0.1868	0.4707	0.0000	0.4735	0.6746	11.2818	5.9913	5.2968	0.3268	0
17.133	-0.0006	0.0102	0.1804	0.4011	0.0000	0.2159	2.2741	10.0054	7.1679	7.0116	0.1912	0
17.200	3.6575	-4.1888	0.1899	0.3646	0.0000	0.2279	1.8804	9.8375	8.5867	8.0590	0.1938	0
17.267	-2.2779	4.1888	0.2146	0.3272	0.0000	0.0963	0.6517	8.1319	9.5610	9.3918	0.1944	0
17.333	3.6575	-4.1888	0.2064	0.4510	0.0000	0.2591	2.6150	4.2600	9.6925	9.3762	0.1767	0
17.400	-3.6575	-4.1888	0.1703	0.4134	0.0000	0.0882	1.7643	11.9022	10.0316	5.9556	0.4048	0
17.467	3.6575	-4.1888	0.1944	0.4151	0.0000	0.1088	0.1891	11.2398	6.7603	5.4439	0.3375	0
17.533	0.0058	-0.0171	0.1395	0.3507	0.0000	0.1657	3.2642	10.6904	7.6740	7.3547	0.2329	0
17.600	-0.1021	-0.6021	0.1551	0.2753	0.0000	0.2525	2.8416	9.4957	10.6621	9.5924	0.2676	1
17.667	-3.6575	4.1888	0.1529	0.3528	0.0000	0.2191	0.4007	7.9526	9.7675	9.7532	0.2143	0
17.733	-1.9469	0.0013	0.1309	0.3591	0.0000	0.0650	0.8234	7.1826	9.3173	9.6765	0.1870	0
17.800	2.4585	-3.7093	0.1723	0.3999	0.0000	0.1267	0.6149	4.3139	9.4594	9.5130	0.1790	0
17.867	3.6575	4.1888	0.1983	0.3653	0.0000	0.1615	0.6314	8.6296	10.9793	8.5776	0.2486	0
17.933	3.6575	-4.1888	0.1767	0.3919	0.0000	0.0848	0.2783	11.2085	6.6661	4.6597	0.2657	0
18.000	3.6575	-4.1888	0.2018	0.4736	0.0000	0.2598	1.2758	9.1193	7.0606	6.5012	0.1575	0
18.067	3.6575	-4.1888	0.2205	0.4191	0.0000	0.1782	1.8465	9.4105	8.4033	8.1844	0.1602	0
18.133	0.0240	0.0336	0.1829	0.2635	0.0000	0.4147	1.0220	8.6848	9.2376	9.0062	0.1730	0
18.200	-0.0069	-0.0089	0.2235	0.4839	0.0000	0.5328	2.0539	4.7562	9.6708	9.2223	0.1957	0
18.267	-0.0030	-0.0070	0.1345	0.3856	0.0000	0.2762	0.8494	3.6442	9.8087	9.3427	0.1899	2
18.333	-2.0021	-4.1888	0.1795	0.4921	0.0000	0.3520	0.9872	4.5451	9.4830	9.2112	0.2064	0
18.400	0.0007	-0.0321	0.2066	0.3525	0.0000	0.4483	0.8240	11.4141	10.6759	7.4746	0.3931	0
18.467	3.6575	-3.7672	0.1497	0.2870	0.0000	0.1270	0.4169	11.9039	6.6102	6.7412	0.4331	0
18.533	3.6575	4.1888	0.1981	0.3838	0.0000	0.2429	1.9551	10.4401	8.0948	8.8545	0.3330	0
18.600	-3.6575	4.1888	0.1914	0.2666	0.0000	0.2461	4.6964	12.2486	7.3247	6.4068	0.4860	0
18.667	-1.3071	3.8639	0.1442	0.3509	0.0000	0.2377	0.6771	11.1389	6.9201	7.9620	0.3147	0
18.733	-3.6575	-4.1888	0.1655	0.3333	0.0000	0.1574	2.9122	11.0553	8.4726	9.3328	0.3203	0
18.800	0.0115	0.0211	0.1170	0.2879	0.0000	0.1245	4.2264	12.2335	7.4120	5.6376	0.4763	0
18.867	2.9272	-4.1888	0.1265	0.2489	0.0000	0.1527	0.4461	11.1277	6.9965	7.1667	0.3163	0
18.933	0.0087	0.0058	0.2284	0.4604	0.0000	0.4848	4.0312	10.6358	7.6670	8.8421	0.2646	0
19.000	-3.6575	4.1888	0.2188	0.2601	0.0000	0.4495	1.8173	10.0190	10.5202	10.4172	0.3011	1
19.067	-0.4089	-4.1888	0.1051	0.2818	0.0000	0.1713	0.5096	7.2285	9.7887	11.2650	0.3081	0
19.133	-0.0543	-0.0089	0.2037	0.4472	0.0000	0.4306	0.7385	5.9328	9.5291	10.7801	0.3040	0
19.200	0.0004	0.0002	0.1562	0.3671	0.0000	0.2694	2.9682	11.9021	8.2347	6.5105	0.4232	0
19.267	-3.6575	-2.3225	0.1264	0.3551	0.0000	0.0846	0.3950	11.0834	6.5207	6.0015	0.3016	0
19.333	-3.6575	-4.1888	0.1782	0.3312	0.0000	0.0699	2.5110	11.0402	7.3453	7.8155	0.2599	0
19.400	3.6575	-4.1888	0.1916	0.4378	0.0000	0.3083	1.8559	10.4711	8.0888	8.9233	0.2525	0
19.467	-0.0032	0.0001	0.1365	0.4527	0.0000	0.0664	1.0136	8.8076	8.6188	10.1618	0.2403	0
19.533	0.0011	-0.0075	0.1360	0.4159	0.0000	0.1534	1.9773	2.2607	9.2847	10.2217	0.2402	0
19.600	-0.0037	0.0093	0.1706	0.3310	0.0000	0.1385	1.4527	4.2973	9.4140	10.1341	0.2242	0
19.667	-2.1344	4.1888	0.1818	0.3090	0.0000	0.0998	0.6649	4.0077	9.5276	9.7218	0.1963	0
19.733	-3.6575	4.1888	0.2039	0.4291	0.0000	0.2382	1.9223	3.3608	9.3329	9.9874	0.2357	0
19.800	0.0117	-0.0157	0.1855	0.2829	0.0000	0.3811	4.2765	11.3133	9.5513	6.7012	0.4156	8
19.867	0.0129	0.0198	0.1730	0.4123	0.0000	0.3946	0.1766	11.1997	6.9025	4.6873	0.3600	0
19.933	-0.0623	0.3984	0.1498	0.4287	0.0000	0.1157	1.1608	10.1366	6.9814	5.7712	0.2468	0
20.000	3.6575	4.1888	0.1665	0.3692	0.0000	0.1485	1.4715	10.0534	8.9434	7.1346	0.2253	0
20.067	3.6575	-4.1888	0.2107	0.4081	0.0000	0.0400	1.2287	9.7511	9.9571	8.1356	0.2170	0
20.133	0.0204	-0.0035	0.1209	0.3887	0.0000	0.0627	1.4497	5.8607	9.8866	8.6908	0.2230	0
20.200	-3.6575	0.0093	0.1809	0.2678	0.0000	0.3167	3.9252	12.2321	7.7373	5.2881	0.4700	0
20.267	-0.0099	-0.0004	0.1739	0.4011	0.0000	0.4110	0.1207	11.1867	6.3988	4.7034	0.3314	0
20.333	0.0339	-0.0271	0.1790	0.2443	0.0000	0.4353	3.9589	11.1439	7.8429	6.0331	0.2550	0
20.400	0.0102	0.0056	0.1409	0.3229	0.0000	0.2414	1.4611	10.3202	8.8391	6.8650	0.2300	0
20.467	0.0072	-0.0016	0.0748	0.3199	0.0000	0.0373	0.8621	8.9611	10.4585	9.1725	0.2674	1
20.533	-3.6575	4.1888	0.1935	0.4033	0.0000	0.2267	2.0968	6.7510	10.0439	9.0519	0.2139	0
20.600	-2.0554	0.0101	0.1689	0.3541	0.0000	0.1569	1.1634	11.7295	8.6114	5.5043	0.3733	0
20.667	-0.0057	0.0172	0.1214	0.3354	0.0000	0.1169	0.1654	11.0326	6.3674	4.1837	0.3067	0
20.733	-3.6575	-4.1888	0.1977	0.3104	0.0000	0.0941	1.7923	10.6159	7.6602	6.0511	0.2137	0
20.800	0.0050	-0.0428	0.1903	0.4209	0.0000	0.3262	1.7244	9.7300	8.9356	7.3448	0.2024	0
20.867	3.6575	4.1888	0.2193	0.3532	0.0000	0.1922	1.1548	6.7931	9.8538	8.5131	0.1839	0
20.933	1.4012	4.1888	0.1418	0.2855	0.0000	0.1515	0.5290	6.2211	9.8644	8.1606	0.1763	0
21.000	-0.0075	-0.0192	0.1361	0.3329	0.0000	0.1453	0.4904	5.8562	9.9477	8.3568	0.1752	0
21.067	-0.0175	0.0249	0.1350	0.2743	0.0000	0.1929	1.7861	5.5039	10.1803	8.5350	0.2542	0
21.133	-3.6575	-3.8743	0.2318	0.4707	0.0000	0.4449	2.8463	11.1395	7.4770	4.2203	0.3330	0
21.200	0.0088	-0.0012	0.1764	0.3183	0.0000	0.3424	2.0239	10.4242	5.9550	6.4082	0.2155	2
21.267	-0.0339	0.0296	0.1530	0.4109	0.0000	0.2350	1.9420	10.2771	7.8920	6.1141	0.1922	0
21.333	3.6575	4.1888	0.1914	0.3858	0.0000	0.1667	1.6419	10.1441	10.6760	7.0966	0.3137	0
21.400	3.6575	-4.1888	0.1806	0.2502	0.0000	0.3074	0.1913	11.1515	6.9029	3.9547	0.3185	0
21.467	3.6575	-4.1888	0.1692	0.3068	0.0000	0.2336	0.3922	10.4914	7.1524	5.2629	0.2326	0
21.533	0.0150	0.0012	0.1578	0.3361	0.0000	0.1686	2.2301	10.2928	8.1131	6.3947	0.2327	0
21.600	-0.0018	-0.0123	0.1760	0.4361	0.0000	0.3814	6.2640	12.1787	7.9177	5.6180	0.4666	0
21.667	1.9174	1.2939	0.1749	0.4008	0.0000	0.1779	0.1539	11.1019	7.1004	5.2584	0.3212	0
21.733	-0.0055	-0.0186	0.1648	0.3275	0.0000	0.1375	2.5167	11.1472	8.3847	6.4679	0.2670	0
21.800	0.0070	-0.0187	0.0973	0.3388	0.0000	0.0868	1.3134	10.4554	8.9960	7.1262	0.2517	0
21.867	0.0020	0.0120	0.1921	0.3673	0.0000	0.1478	4.3700	7.7950	10.8588	9.7887	0.2588	1
21.933	0.0085	0.0348	0.1484	0.3479	0.0000	0.0770	0.6128	7.3711	9.4859	8.8226	0.1788	0
22.000	3.6575	-4.1888	0.1812	0.4712	0.0000	0.2735	0.7270	7.8208	9.6853	8.1117	0.1666	0
22.067	-0.0113	0.0129	0.2062	0.2850	0.0000	0.4277	0.7884	5.5497	9.9044	7.9831	0.1874	0
22.133	3.6575	4.1888	0.1740	0.3317	0.0000	0.1363	1.2185	6.2888	9.9652	8.1886	0.2013	0
22.200	-3.6575	-4.1888	0.1640	0.2864	0.0000	0.0902	0.8974	5.6293	9.7948	8.2358	0.1836	0
22.267	0.0007	0.0092	0.1121	0.2616	0.0000	0.0699	1.1214	6.4966	9.8616	8.7190	0.1724	0
22.333	-0.0066	-0.0062	0.2394	0.4844	0.0000	0.4860	0.5998	6.1763	9.5853	8.6977	0.1619	0
22.400	3.6575	-4.1888	0.2317	0.3416	0.0000	0.4174	0.8514	5.1895	9.6637	8.3027	0.1676	0
22.467	2.3972	-3.8347	0.1438	0.2910	0.0000	0.1098	0.8821	5.8042	9.7170	8.1229	0.1727	0
22.533	0.0533	-0.0534	0.1221	0.2808	0.0000	0.0946	0.9234	6.4482	9.8704	8.0334	0.2158	4
22.600	1.2801	0.4889	0.1886	0.4361	0.0000	0.4275	5.9045	10.5295	10.1146	7.9528	0.3544	0
22.667	-0.0021	0.0016	0.1519	0.3282	0.0000	0.3093	0.3901	11.1224	7.2939	5.9323	0.3436	0
22.733	3.6575	4.1888	0.2080	0.3691	0.0000	0.1480	2.0079	10.3626	8.6693	8.1724	0.2111	0
22.800	1.0878	3.5096	0.1778	0.2652	0.0000	0.2821	1.0862	9.5228	10.4042	8.8057	0.2473	0
22.867	-0.0275	-0.0329	0.1521	0.3504	0.0000	0.2551	0.8316	7.6193	10.8831	9.7786	0.3051	0
22.933	-0.0333	0.0600	0.1457	0.3183	0.0000	0.1902	0.9002	8.8072	11.2405	9.0699	0.3736	0
23.000	0.0168	-0.0845	0.1554	0.3407	0.0000	0.1314	0.6648	11.8562	7.2732	5.1052	0.4019	0
23.067	3.6575	-4.1888	0.1534	0.2977	0.0000	0.2127	0.2611	11.0443	7.3021	6.4474	0.2997	0
23.133	0.0011	-0.0123	0.1071	0.3605	0.0000	0.1343	3.3685	10.9563	9.2621	8.0672	0.2788	0
23.200	0.0245	0.0331	0.1545	0.2959	0.0000	0.2846	1.8724	10.3026	9.3986	8.7928	0.2818	0
23.267	-0.6725	-0.6097	0.1917	0.4153	0.0000	0.4304	2.6721	8.1998	11.1802	10.0952	0.3152	1
23.333	3.6575	-2.1883	0.1197	0.3845	0.0000	0.1711	0.6893	7.7224	10.8616	10.0585	0.2944	0
23.400	-3.1709	4.1888	0.1632	0.3136	0.0000	0.2140	0.4735	7.3812	10.5255	9.8790	0.2743	0
23.467	0.0176	-0.1904	0.1603	0.3657	0.0000	0.2118	0.7878	4.9067	10.3863	9.8844	0.2625	0
23.533	-2.5933	4.1888	0.1457	0.2863	0.0000	0.2485	1.1119	9.8087	10.1125	8.8366	0.2455	0
23.600	0.6341	1.0374	0.1222	0.2421	0.0000	0.1728	0.7653	9.6443	9.4606	9.6751	0.2329	0
23.667	0.0121	-0.0554	0.1283	0.3143	0.0000	0.0995	1.0405	9.5696	9.6874	8.6336	0.2123	0
23.733	3.6575	4.1888	0.2186	0.4650	0.0000	0.5623	0.7083	9.1906	9.4093	9.6969	0.2382	0
23.800	3.6575	-4.1888	0.1849	0.3714	0.0000	0.3510	2.2820	6.6065	10.7629	9.8768	0.2846	2
23.867	-0.0016	0.0150	0.1859	0.4143	0.0000	0.2194	0.8547	6.7491	10.2164	9.8875	0.2491	0
23.933	-2.5963	3.7336	0.1753	0.3145	0.0000	0.3238	0.7580	7.4052	10.4779	9.3669	0.2472	0
24.000	3.6575	-4.1888	0.1625	0.2887	0.0000	0.0600	2.3613	6.3390	10.4845	9.9919	0.2788	0
24.067	-3.1564	-0.0021	0.1428	0.2437	0.0000	0.1618	0.6139	5.8394	10.5594	10.0753	0.2626	0
24.133	3.6575	-4.1888	0.1886	0.3662	0.0000	0.3360	0.5078	6.1226	10.3548	9.3437	0.2374	0
24.200	0.0822	-0.1994	0.1713	0.4310	0.0000	0.1076	1.0723	10.4204	11.0378	8.3722	0.3461	0
24.267	3.6575	3.3594	0.1721	0.3461	0.0000	0.1108	0.2680	11.5990	7.1345	5.0071	0.3603	0
24.333	3.1644	4.1888	0.1310	0.2346	0.0000	0.3142	1.0236	10.1088	7.7085	6.9440	0.2483	0
24.400	-3.6575	4.1888	0.0967	0.2536	0.0000	0.0248	1.6344	10.7655	8.9822	7.7082	0.2648	0
24.467	-3.6575	4.1888	0.1780	0.3782	0.0000	0.2931	1.2758	9.6930	9.8568	8.8950	0.2609	1
24.533	-3.6575	-4.1888	0.1822	0.3571	0.0000	0.0292	5.8745	6.6641	10.3879	9.5628	0.2628	0
24.600	-3.6575	4.1888	0.2077	0.3116	0.0000	0.1336	0.3998	6.5286	10.0521	9.4842	0.2246	0
24.667	1.1692	1.2637	0.1477	0.3171	0.0000	0.0632	0.5965	6.0220	10.1651	8.8449	0.2058	0
24.733	0.0167	0.0351	0.1161	0.3263	0.0000	0.1152	1.2242	5.2291	10.6265	10.0917	0.2587	0
24.800	3.6575	4.1888	0.1415	0.3207	0.0000	0.0674	0.6264	3.6657	10.7224	9.5918	0.2802	0
24.867	-3.6575	-4.1888	0.1517	0.3294	0.0000	0.0824	1.8138	4.1037	9.5683	10.4379	0.2500	0
24.933	3.6575	4.1888	0.1459	0.3394	0.0000	0.0350	1.4774	6.6896	9.8340	10.4028	0.2384	0
25.000	-0.0299	-0.0017	0.1345	0.3695	0.0000	0.0243	0.7276	5.5980	10.0865	9.5030	0.2325	0
25.067	3.6575	0.0470	0.1731	0.2421	0.0000	0.2980	1.2903	5.0019	9.8738	10.0242	0.2306	0
25.133	3.6575	-4.1888	0.2178	0.4051	0.0000	0.5081	0.7974	4.3078	9.8070	9.6203	0.2088	0
25.200	3.6575	4.1888	0.1826	0.3449	0.0000	0.3358	0.9823	9.5070	10.3719	9.7892	0.3321	16
25.267	0.0038	0.0062	0.1603	0.4670	0.0000	0.2770	0.6383	12.0782	6.8311	6.5982	0.4543	0
25.333	0.0091	-0.0094	0.1813	0.3251	0.0000	0.2723	1.0582	10.3864	7.7970	7.4220	0.2750	0
25.400	-1.6328	4.1888	0.1485	0.3660	0.0000	0.0596	2.8600	10.9107	8.8790	9.3329	0.2948	0
25.467	3.6575	4.1888	0.1489	0.3318	0.0000	0.0684	1.6404	10.3943	9.8052	9.6914	0.2791	0
25.533	1.8822	4.1888	0.1800	0.3732	0.0000	0.0456	1.9804	6.1718	10.1709	10.7079	0.2935	0
25.600	1.8838	-3.8733	0.1902	0.4828	0.0000	0.2262	1.2883	10.5711	10.9256	9.5280	0.3789	0
25.667	-1.9861	3.7636	0.1889	0.4030	0.0000	0.1162	0.1666	11.7324	7.0730	6.1970	0.3833	0
25.733	-0.0218	0.0112	0.1202	0.3578	0.0000	0.2137	1.5677	10.1297	7.9458	8.2848	0.2631	0
25.800	3.6575	4.1888	0.1895	0.3238	0.0000	0.1088	2.1196	10.6976	8.7260	10.1540	0.2972	0
25.867	3.6575	-4.1888	0.1730	0.3781	0.0000	0.1875	0.8744	9.7065	9.2408	10.7764	0.3085	1
25.933	2.6614	0.0281	0.1481	0.3761	0.0000	0.0500	3.3464	7.5839	9.7854	10.3987	0.2963	0
26.000	0.0275	-4.1888	0.1645	0.2788	0.0000	0.2924	0.8006	7.6058	9.7477	10.6525	0.2738	0
26.067	3.6575	4.1888	0.2348	0.4504	0.0000	0.4277	0.8846	10.6430	10.9109	9.9457	0.3652	0
26.133	3.6575	-4.1888	0.2286	0.2439	0.0000	0.4640	1.7796	11.8629	7.2817	5.8751	0.4010	0
26.200	0.0113	0.0100	0.1599	0.3901	0.0000	0.3799	2.0733	10.6050	7.6737	7.2737	0.2508	0
26.267	2.0663	4.1888	0.1519	0.3986	0.0000	0.0772	3.2187	10.8592	8.7452	9.1327	0.2752	0
26.333	1.8548	4.1888	0.1866	0.3678	0.0000	0.1880	2.5386	10.3209	9.0057	9.8127	0.2607	0
26.400	-3.6575	-4.1888	0.1792	0.2709	0.0000	0.2343	2.0351	4.0336	9.8685	10.7692	0.2829	0
26.467	-3.6575	-4.1888	0.1613	0.3791	0.0000	0.2201	0.8786	4.4061	10.0830	10.4180	0.2663	0
26.533	-0.7078	-0.6828	0.1500	0.2781	0.0000	0.2532	0.7036	3.0388	10.2423	10.2104	0.2607	0
26.600	-0.0510	0.0230	0.1743	0.4037	0.0000	0.4012	0.8610	10.9186	9.8297	9.0306	0.3745	2
26.667	-3.6575	4.1888	0.1899	0.3899	0.0000	0.1566	0.8574	12.1833	7.5373	5.9999	0.4292	0
26.733	-1.8091	0.0039	0.1569	0.4125	0.0000	0.1098	1.3051	10.4210	8.2293	7.4332	0.2622	0
26.800	3.3331	1.2143	0.2055	0.2478	0.0000	0.3748	2.6475	10.7014	8.7124	9.3889	0.2759	0
26.867	-0.0079	0.0667	0.1744	0.4080	0.0000	0.4159	2.0908	10.3207	9.3065	9.3050	0.2537	0
26.933	-1.7994	-0.0024	0.1075	0.3977	0.0000	0.1123	2.4701	6.1471	10.2904	10.4495	0.2757	0
27.000	0.0036	-0.0053	0.1888	0.3578	0.0000	0.1287	1.8153	11.4595	9.4010	7.2051	0.3601	0
27.067	2.0295	-0.0005	0.1901	0.3950	0.0000	0.0650	0.1938	10.8947	7.9293	6.1715	0.2963	0
27.133	-3.6575	-4.1888	0.1890	0.3317	0.0000	0.1020	3.2598	10.3667	8.8502	8.3662	0.2247	0
27.200	0.0482	4.1888	0.1159	0.2783	0.0000	0.1233	1.8245	10.0224	9.4956	9.1667	0.2433	0
27.267	-0.8251	-1.1200	0.1268	0.3378	0.0000	0.1485	1.0622	8.9923	9.9643	9.9617	0.2677	1
27.333	3.6575	-0.0710	0.1336	0.3479	0.0000	0.1162	3.7454	7.9056	10.2727	10.4241	0.2926	0
27.400	-1.9847	4.1888	0.1964	0.3527	0.0000	0.1113	0.4608	7.8368	9.9325	10.0096	0.2473	0
27.467	-1.9694	2.7538	0.1688	0.3545	0.0000	0.0635	0.9154	11.0177	10.1409	8.6717	0.3629	0
27.533	0.0139	-4.1888	0.1336	0.2658	0.0000	0.2243	0.1678	11.7936	7.5108	5.9611	0.4086	0
27.600	1.6584	0.1177	0.1462	0.3371	0.0000	0.1478	1.9058	10.1855	8.8215	7.7350	0.2615	0
27.667	-3.6575	-4.1888	0.1560	0.2967	0.0000	0.0708	1.7456	10.4445	9.3257	9.4377	0.2772	0
27.733	-0.0064	4.1888	0.1220	0.3432	0.0000	0.1135	2.8248	10.4700	9.4669	9.3809	0.2777	0
27.800	-0.0693	0.1488	0.1448	0.3626	0.0000	0.0539	2.6475	5.0101	10.4151	10.1953	0.2796	0
27.867	3.6575	4.1888	0.1660	0.3403	0.0000	0.0532	0.7427	2.8089	9.8623	10.0857	0.2390	0
27.933	-3.6575	-4.1888	0.1376	0.2556	0.0000	0.2270	1.2486	3.5741	10.2747	9.9401	0.2370	0
28.000	-0.0433	-4.1888	0.1437	0.3387	0.0000	0.1902	1.0607	10.9311	10.4223	7.0894	0.2673	4
28.067	-1.3043	1.6240	0.1724	0.4191	0.0000	0.2279	0.5368	9.8067	7.5197	6.3432	0.1658	0
28.133	-0.0581	4.1888	0.1553	0.3126	0.0000	0.2875	2.1446	8.9881	8.9343	8.1378	0.1701	0
28.200	3.6575	4.1888	0.1725	0.3762	0.0000	0.2304	1.7500	9.8468	9.6217	8.9177	0.2024	0
28.267	0.0026	-0.0180	0.1685	0.3628	0.0000	0.0718	1.2404	8.3149	9.4392	9.7094	0.2159	0
28.333	-2.1799	-4.1888	0.1875	0.3168	0.0000	0.1588	1.9923	6.3089	10.0548	9.8440	0.2189	0
28.400	2.6326	-4.1888	0.1650	0.4020	0.0000	0.1132	0.5291	4.3007	8.2072	6.8538	0.0856	0
28.467	1.8536	-0.4958	0.1661	0.3290	0.0000	0.0728	0.3357	3.4652	8.0803	6.2589	0.0720	0
28.533	-1.8191	0.3175	0.1485	0.3485	0.0000	0.1218	2.5069	6.9293	8.4826	7.9641	0.1140	0
28.600	0.0029	0.0091	0.1055	0.3563	0.0000	0.1549	2.0384	5.6512	8.9387	8.3444	0.1486	0
28.667	-0.0043	0.0032	0.1074	0.4060	0.0000	0.0551	1.8800	3.8288	9.9180	9.5093	0.2051	1
28.733	0.0054	-0.0100	0.1599	0.4424	0.0000	0.2044	2.0915	5.0411	9.7885	9.4797	0.2013	0
28.800	-0.0090	-0.0008	0.1424	0.3507	0.0000	0.2858	0.8357	3.1128	9.3614	9.4710	0.1843	0
28.867	-0.0009	-0.0042	0.1367	0.4265	0.0000	0.2225	0.9103	2.9671	8.0042	8.3953	0.1235	0
28.933	-0.0030	0.0316	0.1615	0.3158	0.0000	0.2779	0.1139	1.3005	7.8759	6.0563	0.0636	0
29.000	-3.6575	-3.9145	0.1541	0.4023	0.0000	0.1863	1.5109	1.3121	8.3502	7.1137	0.0877	0
29.067	0.0135	0.1423	0.1734	0.3416	0.0000	0.1721	2.1424	6.1736	9.3700	8.7199	0.1327	0
29.133	0.0517	-0.5020	0.1726	0.3795	0.0000	0.1980	0.6945	6.4372	9.5975	9.4101	0.1804	0
29.200	-3.6575	4.1888	0.1771	0.2814	0.0000	0.2250	1.4428	3.5564	9.5982	9.6276	0.1963	0
29.267	1.1570	-4.1888	0.1411	0.3130	0.0000	0.0966	0.6996	4.8956	9.2719	9.6131	0.1880	0
29.333	0.0148	0.0386	0.1899	0.4489	0.0000	0.3042	0.9817	3.7760	9.8669	9.7963	0.2062	2
29.400	0.0076	-0.0217	0.1647	0.3498	0.0000	0.1578	0.9051	3.8134	7.3731	6.7895	0.1071	0
29.467	-0.0000	0.0041	0.0836	0.3413	0.0000	0.0613	0.6395	2.3444	7.3994	5.8528	0.0558	0
29.533	0.0176	0.0109	0.1710	0.4292	0.0000	0.1770	1.6956	3.1026	7.8608	6.9229	0.0617	0
29.600	0.0060	-0.0143	0.1671	0.2802	0.0000	0.4287	0.4493	1.1664	7.0746	5.3637	0.0502	0
29.667	0.0555	0.2523	0.1243	0.3096	0.0000	0.1691	2.1324	6.3968	8.3172	6.3824	0.0806	0
29.733	-1.9163	4.1888	0.1922	0.4381	0.0000	0.2843	1.6385	6.4260	8.7678	7.7328	0.1035	0
29.800	0.0196	-0.0328	0.1795	0.3175	0.0000	0.3118	3.4776	4.5268	8.1990	7.3087	0.0902	0
29.867	-1.8177	4.1888	0.1645	0.3394	0.0000	0.0532	0.2082	2.5063	7.4164	5.7473	0.0589	0
29.933	0.0512	0.4459	0.1709	0.4403	0.0000	0.2279	3.0635	6.2088	9.0685	7.9176	0.1236	0
30.000	0.0006	0.0004	0.1580	0.3382	0.0000	0.2025	1.8298	6.1754	9.8940	8.7215	0.1793	0
30.067	-3.6575	4.1888	0.1791	0.3761	0.0000	0.0591	1.3218	6.2806	10.6940	9.9897	0.2621	1
30.133	-3.6575	-4.1888	0.1840	0.3267	0.0000	0.1436	1.1389	5.0285	10.3031	9.5710	0.2260	0
30.200	-3.6575	-4.1888	0.1556	0.3139	0.0000	0.0944	0.7369	2.6398	6.5907	5.5232	0.0927	0
30.267	-0.0250	0.0085	0.1589	0.4210	0.0000	0.2157	0.0380	1.4484	7.5994	5.5985	0.0527	0
30.333	2.0736	1.2498	0.1762	0.3150	0.0000	0.2319	1.4217	2.0739	8.1374	6.9524	0.0793	0
30.400	-2.2340	-4.1888	0.1523	0.3232	0.0000	0.0439	1.8496	4.2108	9.1997	8.4161	0.1219	0
30.467	1.9719	4.1888	0.1374	0.3217	0.0000	0.0218	0.8334	6.3642	10.2525	9.3494	0.1999	0
30.533	1.9038	-3.8607	0.1414	0.3566	0.0000	0.1679	1.1147	6.0401	9.8447	9.2071	0.2071	0
30.600	1.8114	-0.0364	0.1786	0.4561	0.0000	0.2091	0.9054	5.1629	10.1571	9.3004	0.2177	0
30.667	-0.0063	0.0006	0.2028	0.3063	0.0000	0.3919	0.7329	3.5035	9.6741	9.2077	0.1875	0
30.733	0.0125	-0.0092	0.1536	0.4077	0.0000	0.3179	1.0495	6.9839	9.6644	9.3556	0.2527	0
30.800	0.3641	0.2794	0.1766	0.3177	0.0000	0.2615	1.6147	11.9248	10.3892	7.7551	0.4435	8
30.867	-3.6575	4.1888	0.1868	0.4189	0.0000	0.2336	0.2675	11.7317	8.2740	4.8256	0.4508	0
30.933	0.0573	-0.2995	0.1898	0.3088	0.0000	0.2743	1.2280	11.5267	8.2123	5.3762	0.3412	0
31.000	3.6575	-4.1888	0.1445	0.3309	0.0000	0.0743	1.7266	10.6291	9.3787	6.8473	0.2517	0
31.067	-1.8833	-4.1888	0.1462	0.3321	0.0000	0.0895	0.8246	10.4571	10.1782	7.8759	0.2980	0
31.133	-0.0419	0.0221	0.1760	0.4584	0.0000	0.3603	1.3615	11.3909	10.0707	8.4093	0.4076	0
31.200	0.0096	-0.0371	0.1520	0.3976	0.0000	0.2105	2.0852	11.8625	8.0973	5.2605	0.4429	0
31.267	-1.9280	2.0465	0.1813	0.2893	0.0000	0.2299	0.4929	10.5872	8.4673	4.9404	0.3251	0
31.333	0.0424	4.1888	0.1321	0.3283	0.0000	0.0466	2.2602	11.9012	8.9616	5.8403	0.3803	0
31.400	0.0544	-0.0227	0.1507	0.3700	0.0000	0.1664	1.7435	11.6779	9.3350	6.7611	0.4219	0
31.467	-0.0507	0.0132	0.1424	0.3614	0.0000	0.0672	0.6578	11.0753	10.3382	9.3921	0.3812	1
31.533	-0.7581	4.1888	0.1720	0.3451	0.0000	0.0382	0.8244	10.0693	9.9394	8.9095	0.2832	0
31.600	3.6575	4.1888	0.1725	0.3856	0.0000	0.0176	0.9617	11.7662	9.0068	4.3873	0.4216	0
31.667	-1.6510	-2.0562	0.1392	0.2849	0.0000	0.1752	0.4297	11.5268	8.4333	4.4085	0.3958	0
31.733	-1.5890	4.1888	0.1511	0.3569	0.0000	0.1441	1.9575	11.4482	9.0719	6.1009	0.3695	0
31.800	1.9286	-3.8795	0.1823	0.4584	0.0000	0.2370	1.3760	11.7328	9.9305	7.1628	0.3956	0
31.867	-0.0414	0.0012	0.2066	0.2805	0.0000	0.3679	1.3509	11.2604	9.6609	8.1866	0.4000	0
31.933	1.9256	-0.0559	0.1560	0.3704	0.0000	0.2076	1.2014	11.3641	9.9478	7.9737	0.3816	0
32.000	-3.6575	4.1888	0.1838	0.3473	0.0000	0.0676	0.5034	11.1698	10.3168	8.0301	0.3317	0
32.067	3.6575	4.1888	0.1703	0.3300	0.0000	0.0801	1.1400	10.0626	10.3928	7.9786	0.3163	0
32.133	-1.8562	-4.1888	0.1540	0.3721	0.0000	0.1544	0.6626	11.0692	9.6085	4.8442	0.3576	0
32.200	-3.6575	-4.1888	0.1762	0.3654	0.0000	0.0887	5.0003	11.4620	8.9545	6.4268	0.3536	2
32.267	0.0422	0.0131	0.1683	0.4305	0.0000	0.1123	1.2655	10.7272	9.4286	5.8197	0.3050	0
32.333	-0.0012	0.0307	0.1608	0.3433	0.0000	0.1706	1.1163	11.5481	9.7433	6.4811	0.3729	0
32.400	0.0101	-0.0555	0.1891	0.3703	0.0000	0.1223	1.5843	11.8596	9.6893	4.4821	0.4050	0
32.467	-0.1020	0.2388	0.1962	0.4638	0.0000	0.0951	1.6176	11.1841	9.4560	5.6303	0.3322	0
32.533	-0.0045	-0.0031	0.1794	0.3452	0.0000	0.2147	0.9911	11.5224	9.5529	6.2669	0.3539	0
32.600	-3.6575	-4.1888	0.1640	0.3075	0.0000	0.0287	2.7562	11.8886	8.6888	5.5720	0.4045	0
32.667	3.6575	4.1888	0.1872	0.3805	0.0000	0.0850	0.8943	11.5626	9.2739	5.6002	0.3570	0
32.733	-0.1589	-0.5426	0.1659	0.2797	0.0000	0.1350	1.3285	11.8952	9.4157	6.4252	0.3966	0
32.800	3.6575	-0.0076	0.1957	0.4280	0.0000	0.2157	1.9154	11.1813	9.7581	7.1152	0.3508	0
32.867	-0.0114	0.0042	0.1412	0.3867	0.0000	0.1103	1.7600	11.1455	10.4177	9.0344	0.3637	1
32.933	2.1338	-4.1888	0.1886	0.3553	0.0000	0.1316	1.0839	10.5264	10.1192	8.7484	0.2846	0
33.000	3.6575	-4.1888	0.1605	0.3433	0.0000	0.0561	0.6637	10.7434	9.6080	7.7780	0.2809	0
33.067	1.7869	4.1888	0.1529	0.3105	0.0000	0.1054	0.9012	10.8693	10.2079	7.7104	0.3262	0
33.133	1.7426	-3.3221	0.1809	0.4479	0.0000	0.2605	1.4227	11.3643	10.0399	7.9615	0.3754	0
33.200	2.6228	4.1888	0.1795	0.3445	0.0000	0.2061	0.9520	10.7825	10.0991	8.1523	0.3413	0
33.267	-3.6575	-4.1888	0.1726	0.3293	0.0000	0.0725	2.1151	10.7446	9.9409	8.4887	0.3011	0
33.333	-1.9267	4.1888	0.1518	0.3690	0.0000	0.0569	0.5027	11.1684	9.8858	8.3058	0.3514	0
33.400	-1.9508	-4.1888	0.1775	0.2895	0.0000	0.1471	0.8116	11.4643	9.8944	8.0551	0.3461	0
33.467	3.6575	-4.1888	0.1436	0.3262	0.0000	0.0414	0.8117	10.3090	10.4873	7.6552	0.2837	0
33.533	-1.8243	0.1990	0.1426	0.3449	0.0000	0.0387	0.9810	10.0610	10.2268	8.6284	0.2910	4
33.600	-1.9637	-4.1888	0.1987	0.4289	0.0000	0.1081	3.9064	11.8866	8.7105	6.6286	0.3766	0
33.667	3.6575	-0.0311	0.1602	0.3145	0.0000	0.2270	0.4227	11.2842	8.7649	6.2328	0.3514	0
33.733	0.0313	-4.1888	0.1345	0.3475	0.0000	0.1605	1.9297	10.3511	10.0457	8.0178	0.3504	0
33.800	0.0140	0.0726	0.1772	0.3848	0.0000	0.1676	1.3369	10.8016	10.3429	8.2781	0.3180	0
33.867	-0.0356	0.0086	0.1513	0.3200	0.0000	0.2858	1.1877	10.5047	10.6978	9.6345	0.3547	0
33.933	0.1208	4.1888	0.1677	0.3481	0.0000	0.1532	1.1571	11.0745	10.9998	9.2028	0.3975	0
34.000	-3.6575	4.1888	0.1981	0.4106	0.0000	0.0502	1.9206	11.6531	8.4335	5.9397	0.4171	0
34.067	-0.0203	-0.0102	0.1358	0.4041	0.0000	0.0784	0.9182	10.9452	8.8461	6.9069	0.3445	0
34.133	3.6575	-4.1888	0.1529	0.4252	0.0000	0.1400	1.9374	10.9722	9.5955	8.2898	0.3854	0
34.200	-3.6575	-4.1888	0.1781	0.3635	0.0000	0.2098	2.2575	11.8303	9.6267	8.3935	0.4397	0
34.267	-0.0347	-0.0004	0.1434	0.3066	0.0000	0.1576	5.6310	10.2530	10.9571	9.6490	0.3735	1
34.333	3.6575	4.1888	0.1484	0.3392	0.0000	0.0968	0.6174	9.8523	10.5631	9.7417	0.3130	0
34.400	-0.0014	-0.0069	0.1863	0.4653	0.0000	0.2797	0.8046	9.7546	10.6366	9.7796	0.3227	0
34.467	-0.6253	-2.6872	0.1916	0.3444	0.0000	0.2397	0.6602	10.9032	10.3288	9.7954	0.3548	0
34.533	-0.9573	-1.9607	0.1504	0.3875	0.0000	0.0885	0.9807	10.9796	9.9162	8.6867	0.3319	0
34.600	0.3356	0.0437	0.1487	0.3481	0.0000	0.1240	0.9609	10.8976	9.5286	9.7807	0.3304	0
34.667	3.6575	-2.4931	0.1644	0.3204	0.0000	0.0833	1.9408	11.3801	9.8355	8.7402	0.3819	0
34.733	1.9760	-4.1888	0.1576	0.3216	0.0000	0.0951	0.9089	10.8752	9.7345	9.6842	0.3650	0
34.800	-3.6575	4.1888	0.1611	0.3399	0.0000	0.0483	1.4803	10.8252	9.9737	9.1720	0.3237	0
34.867	-0.8909	4.1888	0.1772	0.3575	0.0000	0.1583	0.7903	9.9232	10.1327	9.2903	0.2675	0
34.933	0.3215	4.1888	0.1788	0.3813	0.0000	0.1525	1.0181	9.9254	10.2076	9.4996	0.3009	2
35.000	-3.6575	0.1288	0.1601	0.2935	0.0000	0.3522	3.1417	10.8925	10.0062	8.8749	0.3274	0
35.067	-1.2258	-0.6098	0.1569	0.3469	0.0000	0.1034	0.7377	10.9227	9.3570	8.0564	0.2938	0
35.133	2.7412	4.1888	0.1515	0.3295	0.0000	0.0846	0.8479	10.8228	9.8642	8.7804	0.3065	0
35.200	-0.7365	1.5284	0.1398	0.3183	0.0000	0.1096	1.4862	10.4761	10.1706	8.6372	0.2799	0
35.267	3.6575	-4.1888	0.1751	0.3553	0.0000	0.1716	0.6490	10.4778	9.9190	8.4693	0.2997	0
35.333	-3.6575	-4.1888	0.1549	0.3306	0.0000	0.0762	0.8778	10.9751	10.7199	8.1474	0.3953	0
35.400	-3.6575	4.1888	0.1695	0.3516	0.0000	0.1108	0.3146	11.1014	7.9836	6.7636	0.3505	0
35.467	3.2070	-4.1888	0.1540	0.3184	0.0000	0.0647	0.9559	11.5436	8.4760	6.7141	0.3284	0
35.533	0.0613	4.1888	0.1457	0.3570	0.0000	0.0806	1.5802	11.8979	8.5714	6.8833	0.3685	0
35.600	-0.0474	-0.0185	0.1169	0.3383	0.0000	0.0517	1.7939	10.8128	9.2615	7.4938	0.3129	1
35.667	-0.0400	0.0132	0.1598	0.4014	0.0000	0.2164	3.8427	10.1524	10.8238	9.5923	0.3464	0
35.733	1.5757	2.7523	0.1596	0.3511	0.0000	0.1973	0.4981	10.2136	10.0260	8.9265	0.2716	0
35.800	-0.1298	-4.1888	0.1544	0.3411	0.0000	0.0740	0.5898	10.7248	9.1550	8.0743	0.2864	0
35.867	0.0971	4.1888	0.1376	0.2939	0.0000	0.1544	0.6833	11.2180	9.4430	8.1794	0.3590	0
35.933	-3.6575	0.0149	0.1627	0.3360	0.0000	0.1145	1.3493	11.9287	9.2274	8.0544	0.4104	0
36.000	2.5236	-0.1491	0.1646	0.2850	0.0000	0.0586	0.7488	11.2229	9.8322	7.6833	0.3749	0
36.067	-3.6575	4.1888	0.1492	0.2982	0.0000	0.0382	2.6232	11.2887	9.5814	7.9115	0.3613	0
36.133	1.9204	-4.1888	0.1678	0.3892	0.0000	0.1591	0.4620	11.6673	9.5504	7.1311	0.4384	0
36.200	3.6575	-4.1888	0.1659	0.3441	0.0000	0.0672	2.9578	10.9737	9.6508	9.0446	0.3766	0
36.267	-3.6575	-3.8679	0.1455	0.3193	0.0000	0.0897	1.3542	10.0056	9.8589	9.2040	0.2634	0
36.333	-3.6575	4.1888	0.1552	0.3370	0.0000	0.0426	0.9018	10.0918	10.3706	8.7338	0.2908	16
36.400	-3.6575	4.1888	0.1385	0.2750	0.0000	0.1201	0.8150	10.2504	10.0402	8.8017	0.2831	0
36.467	-0.1959	-4.1888	0.1392	0.3473	0.0000	0.1757	1.2563	11.4332	9.4036	6.9532	0.4153	0
36.533	-1.3213	-4.1888	0.1587	0.3438	0.0000	0.0355	0.8852	11.9021	8.5364	5.5942	0.4598	0
36.600	-1.6272	-0.6474	0.1531	0.3384	0.0000	0.0559	1.4110	11.2894	9.2542	6.8284	0.3372	0
36.667	0.0209	-0.0234	0.1417	0.3562	0.0000	0.1056	2.1314	10.6853	9.7922	7.6706	0.3064	0
36.733	-3.6575	-4.1888	0.1627	0.3337	0.0000	0.0708	0.7918	10.1632	9.7060	8.8841	0.2755	0
36.800	0.0328	-0.4575	0.1476	0.3344	0.0000	0.0275	1.2544	10.6498	9.5642	8.7509	0.3339	0
36.867	3.6575	-4.1888	0.1519	0.3256	0.0000	0.1400	1.9599	12.0371	8.8461	6.0902	0.4539	0
36.933	-0.0355	-0.1124	0.1387	0.3302	0.0000	0.1814	0.7706	11.0940	9.0084	5.8566	0.3174	0
37.000	0.0539	-0.0207	0.1315	0.2948	0.0000	0.1355	1.8142	11.1636	8.8642	7.1432	0.2790	0
37.067	0.0069	0.0885	0.1427	0.3376	0.0000	0.1213	2.2513	11.1585	10.2661	9.3523	0.3274	1
37.133	3.6575	4.1888	0.1478	0.3171	0.0000	0.0137	0.4104	10.7918	9.9986	9.3901	0.3084	0
37.200	-3.6575	-4.1888	0.1317	0.2167	0.0000	0.3304	0.9032	10.4275	9.7719	9.4310	0.2808	0
37.267	0.0026	-0.0229	0.1449	0.3359	0.0000	0.3419	0.8761	9.7466	9.7774	9.2903	0.2497	0
37.333	0.0549	0.0205	0.1443	0.3248	0.0000	0.0353	1.0498	11.9410	10.2633	5.9611	0.4105	0
37.400	-0.0768	0.0568	0.1463	0.3121	0.0000	0.0355	0.5126	11.8502	9.0154	5.4876	0.3988	0
37.467	3.6575	-4.1888	0.1550	0.3316	0.0000	0.0240	2.3575	11.3888	8.8304	6.8069	0.3119	0
37.533	3.6575	-4.1888	0.1593	0.3294	0.0000	0.0235	1.5319	10.9325	9.6426	8.0356	0.3442	0
37.600	-3.6575	-4.1888	0.1551	0.3607	0.0000	0.1179	0.8230	10.5267	9.4164	8.5790	0.2909	0
37.667	-3.6575	-4.1888	0.1514	0.3328	0.0000	0.1071	1.9258	10.9413	10.1960	8.9190	0.3196	0
37.733	-3.6575	4.1888	0.1510	0.3528	0.0000	0.0377	0.8852	10.0018	9.8166	9.2682	0.2702	2
37.800	0.0734	-0.1235	0.1639	0.3356	0.0000	0.0404	0.9302	10.1864	9.7385	9.1872	0.2579	0
37.867	-3.6575	0.8015	0.1467	0.3368	0.0000	0.0368	1.2420	11.5426	9.4641	6.6577	0.3271	0
37.933	-3.6575	-4.1888	0.1517	0.3332	0.0000	0.0240	0.3029	11.0189	9.1423	7.5592	0.2926	0
38.000	3.6575	-0.6965	0.1625	0.3863	0.0000	0.1324	1.3640	11.4067	10.8186	8.7848	0.3998	0
38.067	0.0034	-0.0140	0.1467	0.3176	0.0000	0.1588	4.2674	11.7466	8.8755	8.6335	0.4410	0
38.133	3.6575	0.0216	0.1500	0.3065	0.0000	0.0625	1.0676	10.6041	8.9431	8.3377	0.2734	0
38.200	-3.3159	1.2530	0.1427	0.3412	0.0000	0.0752	0.7718	10.9803	9.3369	9.1693	0.3269	0
38.267	-0.0337	3.5758	0.1373	0.2834	0.0000	0.1605	3.1683	11.8885	8.3232	6.9129	0.4357	0
38.333	-3.6575	-4.1888	0.1377	0.3341	0.0000	0.1473	1.1834	11.1375	8.7990	7.4516	0.3278	0
38.400	3.6575	-4.1888	0.1497	0.3082	0.0000	0.0441	2.7613	10.7500	8.8581	9.2665	0.3039	0
38.467	-3.6575	4.1888	0.1494	0.3356	0.0000	0.0377	4.7342	10.0751	10.3605	10.1108	0.3386	1
38.533	3.0136	-3.1029	0.1375	0.3218	0.0000	0.0667	0.6945	9.8015	9.7884	11.0937	0.3266	0
38.600	-0.0096	0.0063	0.1493	0.3270	0.0000	0.0456	1.2152	9.3720	9.5413	10.9275	0.3303	0
38.667	0.0474	0.1286	0.1479	0.3254	0.0000	0.0608	1.4971	11.7243	9.2691	8.0090	0.4521	0
38.733	-3.6575	-4.1888	0.1498	0.3387	0.0000	0.0615	0.2228	11.7496	8.9347	5.8295	0.4298	0
38.800	0.0830	0.4070	0.1542	0.3344	0.0000	0.0576	1.6757	11.1535	8.1190	7.8088	0.2593	0
38.867	-3.3245	4.1888	0.1697	0.3647	0.0000	0.0703	2.0922	10.8206	8.7881	8.3430	0.2814	0
38.933	0.0167	-0.0347	0.1466	0.3160	0.0000	0.0772	2.0190	9.6538	9.6139	10.4350	0.2871	0
39.000	3.6575	4.1888	0.1456	0.3523	0.0000	0.1044	0.5709	9.3888	9.2016	10.1034	0.2476	0
39.067	3.6575	-0.1333	0.1616	0.3453	0.0000	0.1002	1.1532	10.1504	9.6548	10.0662	0.2671	0
39.133	-3.6575	4.1888	0.1564	0.3655	0.0000	0.0419	1.3939	9.9479	9.6290	9.9311	0.2615	0
39.200	3.6575	-1.4092	0.1568	0.3320	0.0000	0.0203	1.3206	9.9740	9.6425	9.7529	0.2831	4
39.267	-0.1051	-0.5005	0.1531	0.3240	0.0000	0.0887	2.1144	12.0951	9.0981	6.6459	0.4172	0
39.333	-3.6575	0.6808	0.1347	0.3051	0.0000	0.2137	0.1652	10.8755	8.4141	5.2503	0.3053	0
39.400	-3.6575	4.1888	0.1888	0.3511	0.0000	0.1846	1.4576	11.3180	8.5908	6.0602	0.3161	0
39.467	0.0996	0.0312	0.1566	0.2247	0.0000	0.3103	1.6266	9.7115	9.2801	7.1976	0.2326	0
39.533	-3.6575	-4.1888	0.1318	0.3160	0.0000	0.2762	1.0660	10.5951	10.1387	8.3364	0.3031	0
39.600	3.6575	4.1888	0.1575	0.3321	0.0000	0.0275	1.4198	11.2854	10.0223	8.5657	0.3815	0
39.667	-0.2459	0.5418	0.1629	0.3332	0.0000	0.0279	2.8012	12.1444	8.7872	5.7817	0.4204	0
39.733	-3.6575	-4.1888	0.1703	0.3290	0.0000	0.0390	0.5485	10.3328	8.1832	4.8585	0.2319	0
39.800	3.6575	4.1888	0.1614	0.3620	0.0000	0.0605	2.6548	11.9164	9.0755	6.1774	0.3795	0
39.867	0.4494	-4.1888	0.1646	0.3335	0.0000	0.0238	1.2847	11.3947	9.3680	6.7639	0.3792	0
39.933	-3.6575	4.1888	0.1478	0.3164	0.0000	0.1017	2.9834	10.6211	10.3491	9.3426	0.3619	1
40.000	2.6047	-3.8015	0.1325	0.3559	0.0000	0.1811	0.5171	10.0268	9.9618	8.7058	0.3330	0
40.067	-2.2718	-1.9802	0.1407	0.3159	0.0000	0.1172	0.7633	12.0161	8.7324	3.9865	0.4639	0
40.133	3.6575	0.2897	0.1660	0.3529	0.0000	0.0549	0.1355	11.7716	8.8748	4.2245	0.4109	0
40.200	-3.6575	-3.8856	0.1704	0.3618	0.0000	0.1203	1.7950	11.1550	9.1204	6.1279	0.3185	0
40.267	-0.3719	-0.5050	0.1598	0.3411	0.0000	0.0632	1.5033	11.4896	9.8057	7.2262	0.3664	0
40.333	-3.6575	-4.1888	0.1632	0.3456	0.0000	0.0238	1.7810	11.3910	10.1283	8.2281	0.3724	0
40.400	-0.3317	-0.4326	0.1561	0.3212	0.0000	0.1093	0.7234	11.2362	9.8470	7.9054	0.3702	0
40.467	3.6575	4.1888	0.1492	0.3431	0.0000	0.0426	0.9693	10.7458	9.9753	8.2022	0.3209	0
40.533	-3.6575	4.1888	0.1584	0.3967	0.0000	0.1419	1.1033	10.5366	10.3795	7.7415	0.3398	0
40.600	-3.6575	4.1888	0.1613	0.3088	0.0000	0.2375	2.0758	11.6766	9.2759	5.0786	0.3745	0
40.667	-3.6575	-3.3229	0.1428	0.3342	0.0000	0.1632	2.9721	11.5190	9.1613	6.4138	0.3619	2
40.733	3.6575	-4.1888	0.1491	0.2927	0.0000	0.1804	0.6521	10.7250	9.4422	5.6454	0.3229	0
40.800	-0.1229	-0.1180	0.1462	0.3180	0.0000	0.0341	0.9795	11.6731	9.7631	6.4584	0.4147	0
40.867	-0.0480	0.0279	0.1329	0.3636	0.0000	0.1363	0.4403	11.9733	9.0535	4.5484	0.4434	0
40.933	-0.2460	-0.3718	0.1528	0.3378	0.0000	0.0091	2.5170	11.0660	9.4141	5.5209	0.3362	0
41.000	0.0328	4.1888	0.1421	0.3458	0.0000	0.0618	1.2034	11.1494	10.0921	6.6023	0.3851	0
41.067	-0.0624	0.9587	0.1388	0.3257	0.0000	0.0904	1.3057	12.2890	8.4787	5.1471	0.4886	0
41.133	-3.6575	-1.1798	0.1311	0.3320	0.0000	0.0676	0.4754	11.9071	9.3055	5.0506	0.4384	0
41.200	-3.6575	-4.1888	0.1540	0.3448	0.0000	0.0404	1.6751	10.8950	9.5235	6.3602	0.3645	0
41.267	3.6575	4.1888	0.1465	0.2818	0.0000	0.0262	2.0648	11.4575	9.5620	6.7833	0.3830	0
41.333	0.0158	-4.1888	0.1573	0.3627	0.0000	0.1304	1.7365	11.0539	10.0591	9.2294	0.3282	1
41.400	-3.6575	4.1888	0.1622	0.3618	0.0000	0.0451	0.7360	10.7822	9.8995	8.6176	0.3085	0
41.467	-0.0204	-0.0072	0.1507	0.3070	0.0000	0.1051	1.0127	10.6584	9.6731	7.6528	0.2960	0
41.533	0.0742	0.0534	0.1284	0.3356	0.0000	0.0341	0.9141	10.8080	10.2934	7.7385	0.3237	0
41.600	-0.8617	3.4897	0.1540	0.3041	0.0000	0.0515	1.3974	11.2381	10.2835	7.9783	0.3579	0
41.667	-3.6575	-0.6435	0.1635	0.3449	0.0000	0.1299	1.1872	11.0052	9.9936	8.0531	0.3511	0
41.733	-3.6575	0.1152	0.1579	0.3153	0.0000	0.0934	1.3665	10.9595	9.9910	8.4420	0.3233	0
41.800	-3.6575	-4.1888	0.1563	0.3342	0.0000	0.0721	0.5639	11.0401	9.7972	8.4292	0.3291	0
41.867	1.8369	0.7295	0.1599	0.3329	0.0000	0.0373	0.8387	11.0007	10.0126	8.3292	0.3386	0
41.933	3.6575	4.1888	0.1600	0.3553	0.0000	0.0468	1.0923	10.8710	10.2149	7.9968	0.3194	0
42.000	-3.6575	-4.1888	0.1614	0.3363	0.0000	0.0301	0.8026	10.7950	10.1346	9.4858	0.3263	8
42.067	-3.6575	-3.8832	0.1428	0.3182	0.0000	0.0576	2.5221	11.2880	8.1898	6.9644	0.2987	0
42.133	-3.6575	-4.1888	0.1481	0.3308	0.0000	0.0650	0.8114	11.3005	9.3397	6.5542	0.3346	0
42.200	-3.6575	1.1821	0.1405	0.3145	0.0000	0.0490	1.4428	11.1043	9.6492	7.8849	0.3432	0
42.267	-0.0816	-0.5849	0.1467	0.3082	0.0000	0.0292	1.4920	10.6860	10.5001	8.4634	0.3100	0
42.333	0.0358	0.0047	0.1190	0.3489	0.0000	0.0806	0.5929	10.3595	10.6609	9.5587	0.3319	0
42.400	-0.0093	-0.0440	0.1485	0.3263	0.0000	0.0233	0.7837	11.0248	10.8303	8.8909	0.4145	0
42.467	-1.7140	1.5830	0.1448	0.3138	0.0000	0.0363	0.8681	11.5722	8.0614	5.6690	0.4172	0
42.533	0.0153	-0.4131	0.1305	0.3014	0.0000	0.0676	1.1131	10.8247	9.2266	7.1198	0.3508	0
42.600	0.0237	-0.0076	0.1614	0.3948	0.0000	0.1750	1.3654	11.2591	9.5752	8.2873	0.4074	0
42.667	0.0697	0.0216	0.1565	0.3145	0.0000	0.2865	1.9032	11.7725	9.8222	8.4296	0.4411	0
42.733	3.6575	4.1888	0.1222	0.2841	0.0000	0.0439	0.9301	10.5982	11.0726	9.6468	0.4013	1
42.800	-3.6575	4.1888	0.1316	0.3090	0.0000	0.1147	0.7869	9.8490	10.7446	9.8716	0.3294	0
42.867	2.8616	2.3279	0.1385	0.3434	0.0000	0.0333	0.6903	9.9702	10.6717	9.7197	0.3354	0
42.933	3.6575	-4.1888	0.1541	0.3365	0.0000	0.0233	0.7779	10.7797	10.3089	9.7656	0.3552	0
43.000	-3.6575	-4.1888	0.1524	0.3494	0.0000	0.0718	0.6624	10.9240	9.9684	8.7833	0.3240	0
43.067	3.6575	4.1888	0.1501	0.3500	0.0000	0.0559	1.1730	10.9105	9.6312	9.6856	0.3258	0
43.133	-0.8725	4.1888	0.1647	0.3142	0.0000	0.0797	2.1890	11.2345	9.6934	8.8635	0.3457	0
43.200	-3.6575	4.1888	0.1561	0.3370	0.0000	0.0358	0.6262	11.0210	9.5232	9.8997	0.3610	0
43.267	1.0771	-4.1888	0.1372	0.3217	0.0000	0.0338	1.2331	11.1084	9.9735	9.4235	0.3398	0
43.333	-0.0195	-0.0520	0.1457	0.3336	0.0000	0.0738	0.8129	10.0789	9.7628	9.3197	0.2660	0
43.400	-0.0469	-0.2099	0.1426	0.3307	0.0000	0.0770	1.0940	10.2892	10.1349	9.7494	0.3045	2
43.467	3.6575	4.1888	0.1527	0.2921	0.0000	0.0985	2.2222	10.8229	10.0454	9.0031	0.3126	0
43.533	3.6575	-3.8953	0.1783	0.3561	0.0000	0.1934	0.7139	10.9124	9.5635	7.8773	0.3140	0
43.600	-0.0353	4.1888	0.1532	0.3179	0.0000	0.1225	0.9174	10.8023	10.0410	8.6511	0.3186	0
43.667	-0.0353	-0.5209	0.1200	0.3208	0.0000	0.0799	1.4885	10.7075	10.2102	8.6774	0.3145	0
43.733	-3.6575	-4.1888	0.1588	0.3567	0.0000	0.1640	0.9668	10.4363	10.2908	8.3359	0.2847	0
43.800	3.6575	-4.1888	0.1558	0.3315	0.0000	0.0522	0.4468	10.9189	10.0977	8.3383	0.3274	0
43.867	0.1074	-4.1888	0.1626	0.3559	0.0000	0.0328	1.5278	11.9775	8.1654	6.5446	0.4034	0
43.933	-3.6575	-4.1888	0.1770	0.3307	0.0000	0.0461	0.8130	11.7302	8.8274	6.5638	0.3638	0
44.000	3.6575	4.1888	0.1498	0.3375	0.0000	0.0527	1.6480	11.8377	8.7866	7.2273	0.3687	0
44.067	1.8082	-4.1888	0.1401	0.3363	0.0000	0.0826	1.5418	11.0154	9.1125	7.4815	0.3432	0
44.133	-3.6575	4.1888	0.1518	0.3226	0.0000	0.1699	5.2089	10.2638	10.4047	9.6682	0.3451	1
44.200	-0.0515	0.7919	0.1476	0.3144	0.0000	0.1042	0.4726	10.3121	9.9059	8.9037	0.2818	0
44.267	3.6575	-4.1888	0.1551	0.3704	0.0000	0.0623	1.2293	10.4341	9.5635	8.1587	0.2670	0
44.333	-3.6575	-4.1888	0.1676	0.3416	0.0000	0.0554	0.8573	11.0937	9.6456	7.7879	0.3241	0
44.400	0.0384	-4.1888	0.1560	0.3362	0.0000	0.0071	1.0111	11.4044	9.5146	8.0835	0.3617	0
44.467	3.6575	4.1888	0.1555	0.3372	0.0000	0.0225	0.7195	11.2601	9.6147	7.8256	0.3582	0
44.533	3.6575	4.1888	0.1548	0.2818	0.0000	0.1248	4.1248	11.0905	9.5627	7.9803	0.3284	0
44.600	3.6575	-3.0965	0.1385	0.3323	0.0000	0.1463	0.3920	11.0944	8.9877	7.0817	0.3483	0
44.667	0.0155	-0.0996	0.1444	0.3540	0.0000	0.0100	4.8026	10.4104	9.5420	8.6627	0.3074	0
44.733	-3.6575	-4.1888	0.1630	0.3285	0.0000	0.0662	0.7230	9.8277	9.7189	8.4489	0.2207	0
44.800	3.6575	-4.1888	0.1455	0.3325	0.0000	0.0676	0.8275	9.8207	9.6656	8.3352	0.2534	4
44.867	-3.6575	4.1888	0.1428	0.3227	0.0000	0.0564	2.4857	11.3481	8.6703	6.5706	0.3908	0
44.933	-0.1605	-0.2814	0.1447	0.3093	0.0000	0.0287	0.2861	11.5461	8.0832	4.5281	0.3903	0
45.000	3.6575	-4.1888	0.1665	0.3251	0.0000	0.0463	1.3618	11.7146	8.6098	5.6514	0.3474	0
45.067	3.6575	4.1888	0.1495	0.3675	0.0000	0.1037	1.9865	10.3469	8.9959	6.8452	0.2386	0
45.133	3.6575	4.1888	0.1540	0.3277	0.0000	0.0701	1.9059	11.1281	9.9964	7.9267	0.3480	0
45.200	0.0532	4.1888	0.1580	0.3603	0.0000	0.0875	1.6053	11.6937	9.8970	7.5132	0.4428	0
45.267	-3.6575	-1.5255	0.1643	0.3402	0.0000	0.0387	1.7405	12.3863	8.1413	5.0100	0.4945	0
45.333	0.0789	-4.1888	0.1686	0.3541	0.0000	0.0218	0.6135	11.5622	8.6541	4.9354	0.3760	0
45.400	-3.6575	4.1888	0.1635	0.3297	0.0000	0.1044	1.8930	11.9626	8.7153	5.9826	0.3962	0
45.467	3.6575	-0.5209	0.1674	0.3553	0.0000	0.1542	2.4328	11.5238	9.2176	6.5994	0.3844	0
45.533	-3.6575	-4.1888	0.1542	0.3307	0.0000	0.1174	8.1545	10.2447	10.3990	9.1300	0.3291	1
45.600	0.1463	4.1888	0.1786	0.3353	0.0000	0.0561	0.4410	10.5102	9.7482	8.4195	0.2787	0
45.667	-0.0406	0.0498	0.1576	0.3445	0.0000	0.0650	0.7529	10.9413	9.8856	8.0498	0.3413	0
45.733	-2.8959	4.1888	0.1605	0.3054	0.0000	0.0615	1.1386	12.2773	8.3620	3.8665	0.4653	0
45.800	-3.6575	-0.5110	0.1463	0.3229	0.0000	0.0419	0.4128	11.7533	9.5594	4.6053	0.4414	0
45.867	-3.6575	-4.1888	0.1466	0.2982	0.0000	0.0721	1.0956	11.3047	9.3655	5.9700	0.3725	0
45.933	3.6575	-4.1888	0.1470	0.3259	0.0000	0.1326	4.6495	11.0314	9.6234	7.3620	0.3341	0
46.000	3.6575	4.1888	0.1302	0.3584	0.0000	0.0446	0.4750	11.2923	10.0932	7.6309	0.3533	0
46.067	-0.1641	0.1279	0.1666	0.3283	0.0000	0.0306	1.4288	10.5236	9.8802	7.8966	0.3104	0
46.133	0.0467	-0.0352	0.1589	0.3442	0.0000	0.0311	1.2252	10.6722	10.2690	7.9088	0.2966	0
46.200	-3.3219	4.1888	0.1466	0.3298	0.0000	0.0576	0.7851	10.3259	10.1519	8.1382	0.3002	2
46.267	-3.6575	-4.1888	0.1493	0.3297	0.0000	0.0287	1.4716	11.5313	8.6326	6.1068	0.3593	0
46.333	-0.0034	-0.0076	0.1481	0.3122	0.0000	0.0723	0.6761	10.7054	9.5086	6.5684	0.2795	0
46.400	-1.8448	-4.1888	0.1333	0.3492	0.0000	0.0311	1.2916	11.6061	9.8764	8.2502	0.3614	0
46.467	-0.0733	-0.2278	0.1830	0.4066	0.0000	0.2870	1.5289	10.5456	10.3384	8.2519	0.3135	0
46.533	-0.0247	0.0248	0.2092	0.2235	0.0000	0.5502	2.0629	10.4420	10.9250	9.6439	0.3621	0
46.600	0.2250	0.0195	0.1379	0.3219	0.0000	0.2858	0.3631	10.7660	10.4096	8.0542	0.3519	0
46.667	3.6575	4.1888	0.1628	0.3328	0.0000	0.0355	0.3980	12.1210	8.9551	5.4544	0.4154	0
46.733	-0.2312	-0.5900	0.1613	0.3554	0.0000	0.1328	0.8662	11.1790	9.3682	7.3855	0.3724	0
46.800	-0.0057	0.0375	0.1584	0.3130	0.0000	0.0998	1.2524	11.2479	10.2521	8.5643	0.3919	0
46.867	0.0462	-4.1888	0.1433	0.3312	0.0000	0.0824	2.3706	11.5540	9.8103	8.2649	0.4060	1
46.933	-0.1085	-0.3388	0.1585	0.3982	0.0000	0.2042	5.9749	10.4612	10.7715	9.8736	0.3782	0
47.000	3.6575	4.1888	0.1613	0.3764	0.0000	0.0850	0.6292	10.1319	10.6234	9.7077	0.3339	0
47.067	-0.0205	-0.0093	0.1572	0.3077	0.0000	0.2819	0.3794	10.2994	10.3579	9.6449	0.3301	0
47.133	0.0095	0.0225	0.1437	0.3328	0.0000	0.1120	0.9589	11.5162	8.5755	5.1554	0.3970	0
47.200	-3.6575	-4.1888	0.1545	0.3442	0.0000	0.0794	1.9505	11.1696	9.4235	6.2794	0.3671	0
47.267	0.0308	0.0783	0.1231	0.3540	0.0000	0.0792	1.5321	11.6716	9.1101	7.5064	0.3969	0
47.333	-3.6575	4.1888	0.1589	0.3207	0.0000	0.0380	3.1602	11.3787	9.2862	7.7407	0.3726	0
47.400	-3.6575	4.1888	0.1471	0.3404	0.0000	0.0939	0.6429	11.1332	9.8936	9.5304	0.3811	0
47.467	-0.0041	-0.0150	0.1413	0.3159	0.0000	0.0559	1.2498	10.6376	10.3700	9.2829	0.3373	0
47.533	-3.6575	4.1888	0.1528	0.3036	0.0000	0.1140	0.8527	10.1727	10.4936	8.7603	0.3043	0
47.600	-3.6575	4.1888	0.1584	0.3795	0.0000	0.1248	0.6523	9.8964	10.2729	8.9228	0.3348	16
47.667	0.1236	0.2340	0.1622	0.3307	0.0000	0.0507	1.6033	12.0909	8.4093	6.0728	0.4655	0
47.733	-3.6575	4.1888	0.1445	0.3316	0.0000	0.0598	1.8118	11.7311	9.0547	6.3235	0.3879	0
47.800	-0.0499	-0.2753	0.1714	0.3709	0.0000	0.0331	1.8830	11.6375	9.8739	7.2117	0.3486	0
47.867	-3.6575	0.0848	0.1486	0.2770	0.0000	0.1681	1.5385	11.2102	9.4415	7.4094	0.3448	0
47.933	-0.0240	0.3955	0.1277	0.3252	0.0000	0.1473	2.0194	10.9358	9.8602	8.9781	0.3306	0
48.000	3.6575	4.1888	0.1393	0.2395	0.0000	0.2588	0.9211	11.3318	10.6988	8.7181	0.4113	0
48.067	2.9530	2.5328	0.1484	0.3486	0.0000	0.3478	0.1402	12.1186	8.6238	5.0306	0.4658	0
48.133	0.0375	0.3522	0.1531	0.3207	0.0000	0.1069	1.0473	11.2420	8.9440	6.3407	0.3878	0
48.200	3.6575	-4.1888	0.1447	0.3596	0.0000	0.1525	0.8397	11.6517	9.1328	7.4218	0.3869	0
48.267	3.6575	-4.1888	0.1641	0.3419	0.0000	0.1294	1.6927	11.1140	9.8241	8.5362	0.3523	0
48.333	3.6575	3.8566	0.1855	0.4278	0.0000	0.2147	5.3255	10.2686	10.2612	9.6835	0.3206	1
48.400	-3.6575	-4.1888	0.1790	0.3498	0.0000	0.1745	0.1593	9.9676	9.7321	9.4118	0.2791	0
48.467	3.6575	-4.1888	0.1429	0.3678	0.0000	0.0848	0.9065	10.8704	9.6157	9.2035	0.3490	0
48.533	-0.1637	-0.5320	0.1471	0.3136	0.0000	0.1843	1.7509	11.8937	8.5618	4.4704	0.4521	0
48.600	3.6575	-4.1888	0.1576	0.3298	0.0000	0.0130	1.3784	11.6654	8.8569	5.1391	0.3930	0
48.667	0.1015	-0.3499	0.1358	0.2887	0.0000	0.0294	1.6895	11.2012	9.4320	7.2051	0.3526	0
48.733	-3.6575	4.1888	0.1470	0.3489	0.0000	0.0588	2.9062	11.4589	9.1220	7.8611	0.3619	0
48.800	3.6575	-4.1888	0.1534	0.3204	0.0000	0.0262	1.4484	11.1649	10.1152	8.8739	0.3428	0
48.867	-3.6575	4.1888	0.1572	0.3395	0.0000	0.0189	1.2997	9.9205	10.3065	9.2857	0.2863	0
48.933	0.0454	-0.0339	0.1502	0.3359	0.0000	0.0316	0.9085	10.4029	9.7288	9.1657	0.2765	0
49.000	-3.6575	4.1888	0.1620	0.3130	0.0000	0.0336	0.9277	10.3976	10.4675	9.1838	0.3365	2
49.067	3.6575	-4.1888	0.1548	0.2185	0.0000	0.5167	0.8122	12.1203	8.4711	6.5113	0.4613	0
49.133	-3.0536	-0.1006	0.0999	0.2013	0.0000	0.1100	1.2366	12.0662	8.4894	8.2045	0.4362	0
49.200	3.6575	2.6261	0.0822	0.1870	0.0000	0.0390	2.6678	11.8762	10.2314	8.2634	0.4323	0
49.267	3.6575	4.1888	0.0714	0.1915	0.0000	0.0373	0.2555	12.0011	9.4055	7.5834	0.4494	0
49.333	-3.6575	0.7612	0.0551	0.1622	0.0000	0.1157	0.3340	11.5409	8.7978	8.6071	0.4486	0
49.400	-0.1010	0.1351	0.0434	0.1813	0.0000	0.1123	1.1245	12.1826	9.5255	9.0006	0.4758	0
49.467	3.6575	0.4704	0.0775	0.2007	0.0000	0.0304	1.4068	12.0406	10.0039	6.6338	0.4889	0
49.533	-3.6575	-0.0760	0.0839	0.2012	0.0000	0.0096	0.2087	11.6745	8.7950	7.3045	0.4054	0
49.600	-1.6124	0.3974	0.0745	0.1801	0.0000	0.0502	1.2708	11.4044	9.0790	8.8175	0.4187	0
49.667	2.3832	-0.8605	0.0568	0.1819	0.0000	0.0279	1.3672	11.9984	8.9382	9.8560	0.5077	0
49.733	-3.6575	0.0709	0.0616	0.1790	0.0000	0.0392	3.8892	11.5898	9.8926	10.6692	0.4651	1
49.800	3.6575	-4.1888	0.0887	0.2183	0.0000	0.1270	0.8898	10.5559	10.2487	10.5282	0.3840	0
49.867	3.6575	4.1888	0.0883	0.1868	0.0000	0.1223	0.7747	11.5962	10.4660	9.5448	0.4272	0
49.933	-0.2263	-0.0653	0.0620	0.1853	0.0000	0.0527	1.5804	11.6150	8.8020	5.4928	0.4319	0
50.000	2.7007	1.0806	0.0550	0.1779	0.0000	0.0770	1.6282	11.9196	8.8704	6.3099	0.4456	0
50.067	-3.6575	3.4117	0.0529	0.1763	0.0000	0.0120	1.8217	11.9489	8.9852	7.9392	0.4413	0
50.133	-3.6575	-1.7481	0.0842	0.2163	0.0000	0.2238	3.6788	12.0374	8.8578	8.4393	0.4637	0
50.200	1.8686	0.6957	0.0820	0.1830	0.0000	0.2059	1.1668	11.7961	9.2589	9.9770	0.4441	0
50.267	0.2344	0.0637	0.0586	0.1848	0.0000	0.0314	2.1104	11.1504	10.0421	9.7391	0.3682	0
50.333	-3.6575	3.4868	0.0585	0.1855	0.0000	0.0368	0.8650	10.8295	10.0373	9.6565	0.3404	0
50.400	0.1553	-0.1992	0.0950	0.2349	0.0000	0.2502	0.8022	11.5970	10.1747	7.3928	0.4181	4
50.467	-3.6575	0.7878	0.0912	0.1809	0.0000	0.2618	0.4058	12.1885	7.9710	5.7894	0.4842	0
50.533	-3.6575	-0.3188	0.0780	0.2025	0.0000	0.1078	1.5595	11.6561	8.1097	5.3505	0.3883	0
50.600	1.8849	-0.7139	0.0715	0.1798	0.0000	0.0596	2.6089	10.5269	8.3856	6.7227	0.2581	0
50.667	-3.6575	2.5834	0.0478	0.1611	0.0000	0.0814	1.8382	10.8758	9.4228	7.6098	0.2972	0
50.733	3.6575	4.1888	0.0622	0.1970	0.0000	0.0887	1.9539	11.2932	9.5998	8.5721	0.3604	0
50.800	-3.6575	0.1282	0.1094	0.2517	0.0000	0.6172	2.3757	11.6351	9.7701	6.7160	0.4445	0
50.867	3.6575	4.1888	0.1218	0.3182	0.0000	0.1083	0.0969	10.9149	8.4028	4.2507	0.3603	0
50.933	0.0222	4.1888	0.1585	0.3168	0.0000	0.0667	1.8679	11.8890	9.0723	5.6212	0.4241	0
51.000	3.6575	-4.1888	0.1299	0.3439	0.0000	0.0551	1.1263	11.5730	8.9335	6.4265	0.4134	0
51.067	0.0855	-4.1888	0.1598	0.2948	0.0000	0.1848	2.3971	11.3601	9.4289	7.7891	0.3414	1
51.133	3.6575	-4.1888	0.1933	0.4068	0.0000	0.3250	6.0811	10.1685	10.1553	8.9452	0.2885	0
51.200	-3.6575	4.1888	0.2001	0.2988	0.0000	0.2370	0.7433	10.6474	9.9516	8.1630	0.2642	0
51.267	3.6575	4.1888	0.1445	0.3484	0.0000	0.1240	0.6931	11.1467	10.4488	7.5972	0.3743	0
51.333	-3.6575	4.1888	0.1938	0.3928	0.0000	0.2032	0.1443	11.4726	8.2046	3.7523	0.3822	0
51.400	-0.3084	2.6199	0.1717	0.3404	0.0000	0.2912	2.1557	11.0938	9.0739	5.2303	0.3494	0
51.467	3.6575	-4.1888	0.1657	0.3620	0.0000	0.1017	1.7543	11.8044	9.3974	6.1357	0.3901	0
51.533	-3.6575	4.1888	0.1614	0.3567	0.0000	0.0801	4.3482	11.1649	9.1376	7.1115	0.3422	0
51.600	3.6575	4.1888	0.1651	0.3332	0.0000	0.0882	1.3060	11.1270	10.1871	7.7151	0.3492	0
51.667	-0.0327	-0.0423	0.1354	0.3173	0.0000	0.1534	0.9438	10.1398	10.0172	8.0641	0.2789	0
51.733	-3.6575	4.1888	0.1984	0.3787	0.0000	0.1956	1.1850	10.8822	10.0228	8.0755	0.3216	0
51.800	0.0018	0.0142	0.1614	0.3266	0.0000	0.2154	1.0205	10.2571	10.1653	7.2955	0.3079	2
51.867	3.6575	-4.1888	0.1384	0.3093	0.0000	0.0260	0.4958	12.0687	8.1489	4.8197	0.4133	0
51.933	-3.6575	4.1888	0.1492	0.3365	0.0000	0.1091	1.0460	11.5694	8.4558	5.1096	0.3833	0
52.000	3.6575	-4.1888	0.1758	0.3213	0.0000	0.1154	1.0185	11.2564	9.3795	6.2338	0.3872	0
52.067	-0.0215	0.0161	0.1622	0.3328	0.0000	0.0848	2.2903	11.0504	9.8901	7.2075	0.3361	0
52.133	-0.0633	0.1020	0.1631	0.3762	0.0000	0.1463	1.9914	10.8383	9.6974	8.1075	0.3018	0
52.200	3.6575	-0.0418	0.1510	0.4021	0.0000	0.0730	1.9974	11.5123	10.0197	7.0953	0.3698	0
52.267	3.6575	4.1888	0.1839	0.3458	0.0000	0.0882	0.1096	11.9379	8.4812	4.2647	0.3981	0
52.333	-3.6575	4.1888	0.1821	0.4120	0.0000	0.1860	2.2467	11.3290	9.2837	5.6700	0.2930	0
52.400	-2.9176	-4.1888	0.1506	0.3696	0.0000	0.1382	0.9088	11.3316	9.2148	6.8101	0.3458	0
52.467	-3.6575	4.1888	0.1885	0.2261	0.0000	0.3642	0.6178	11.4340	10.1270	8.9239	0.3798	1
52.533	-3.2129	-4.1888	0.0888	0.2410	0.0000	0.1172	7.4383	10.6426	10.1376	9.0901	0.3224	0
52.600	3.6575	-4.1888	0.1157	0.2717	0.0000	0.0725	0.5648	10.4166	10.1394	8.0242	0.2584	0
52.667	0.8220	-4.1888	0.1642	0.3219	0.0000	0.2074	0.4574	11.2692	10.1862	7.5596	0.3960	0
52.733	3.6575	4.1888	0.1670	0.3949	0.0000	0.2645	0.3132	11.8462	8.3922	3.3975	0.4468	0
52.800	3.2019	-2.6608	0.1634	0.4322	0.0000	0.1000	2.2451	11.0988	9.2136	4.8423	0.3683	0
52.867	-0.0371	0.0100	0.1829	0.2940	0.0000	0.3963	1.4764	11.3250	9.4726	6.9844	0.3810	0
52.933	3.6575	4.1888	0.1848	0.3954	0.0000	0.2270	1.5676	11.4718	8.9732	7.4781	0.3732	0
53.000	-3.6575	-4.1888	0.1827	0.3555	0.0000	0.1125	2.0358	11.4728	9.8526	8.0599	0.3510	0
53.067	3.6575	-4.1888	0.1479	0.2680	0.0000	0.1968	0.7583	10.6970	10.3198	7.7806	0.3329	0
53.133	-0.0934	0.0915	0.1585	0.3404	0.0000	0.1591	1.3726	10.9339	10.0413	7.7070	0.3221	0
53.200	-3.6575	4.1888	0.1885	0.3881	0.0000	0.1186	0.9129	10.6221	10.4297	8.9898	0.3613	8
53.267	-0.0001	-4.1888	0.1984	0.3001	0.0000	0.2270	1.0771	12.0245	8.6760	5.7360	0.4655	0
53.333	-0.1157	-0.4819	0.1769	0.3332	0.0000	0.1074	1.6598	11.5855	9.3069	7.4633	0.3819	0
53.400	-3.6575	-4.1888	0.1640	0.3506	0.0000	0.0407	2.0215	10.8340	10.3929	8.3634	0.3212	0
53.467	3.6575	0.0482	0.1714	0.3182	0.0000	0.0713	0.8337	10.8200	10.3959	9.2954	0.3659	0
53.533	3.6575	4.1888	0.1347	0.3434	0.0000	0.0669	2.2997	10.6442	10.8903	9.4885	0.3743	0
53.600	-3.6575	-0.5281	0.1521	0.3352	0.0000	0.0588	1.3702	11.4335	10.3341	7.9772	0.4405	0
53.667	-3.6575	3.8413	0.1909	0.3337	0.0000	0.1012	0.1249	11.2549	8.3455	5.5854	0.4038	0
53.733	-3.6575	4.1888	0.1693	0.3473	0.0000	0.0944	1.2722	11.5171	8.9243	7.2025	0.3879	0
53.800	3.6575	4.1888	0.1858	0.3242	0.0000	0.0502	1.4790	10.9910	10.0250	8.8095	0.3543	0
53.867	0.3153	0.1306	0.1532	0.3023	0.0000	0.0093	0.5416	11.1943	10.5260	9.1602	0.3625	1
53.933	0.0180	-0.3394	0.1691	0.3293	0.0000	0.0208	2.3354	10.3909	10.5786	9.9017	0.3382	0
54.000	3.6575	4.1888	0.1667	0.3340	0.0000	0.0922	0.6528	9.9926	10.6392	9.6892	0.3218	0
54.067	-3.6575	4.1888	0.1667	0.3515	0.0000	0.0775	0.5544	10.8147	10.6092	9.7369	0.3448	0
54.133	-3.6575	-2.6314	0.1443	0.2985	0.0000	0.0412	0.6860	11.2486	8.9382	4.6347	0.3324	0
54.200	-3.6575	-4.1888	0.1710	0.3254	0.0000	0.0610	1.4306	11.1728	9.6027	5.9965	0.3359	0
54.267	-0.0547	0.0288	0.1542	0.3624	0.0000	0.1186	1.8181	11.5119	9.6799	7.4708	0.3744	0
54.333	-3.6575	3.2571	0.1903	0.3629	0.0000	0.0279	1.5348	11.2488	9.3202	8.4440	0.3700	0
54.400	-3.6575	-4.1888	0.1311	0.3130	0.0000	0.0654	2.7074	11.2866	10.1061	9.6907	0.3578	0
54.467	-0.6582	4.1888	0.1264	0.3522	0.0000	0.0375	0.8856	10.0292	9.9160	9.3958	0.2630	0
54.533	0.0130	-0.0183	0.1475	0.3361	0.0000	0.0676	0.7681	10.5400	10.2386	9.3393	0.2939	0
54.600	0.0927	-3.7076	0.1181	0.2719	0.0000	0.2061	1.0443	11.1784	10.1355	7.9594	0.3908	2
54.667	3.6575	-4.1888	0.1862	0.0982	0.0000	0.4961	0.3733	12.0042	8.7434	5.1327	0.4403	0
54.733	3.6575	4.1888	0.0484	0.0775	0.0000	0.2674	1.6500	11.5243	8.8481	6.6250	0.4045	0
54.800	0.0965	-4.1888	0.0631	0.1118	0.0000	0.1537	5.1615	11.8392	9.2165	8.1013	0.4996	0
54.867	-0.0290	-4.1888	0.0803	0.1356	0.0000	0.0855	0.7396	11.8708	9.1588	7.1715	0.4449	0
54.933	0.4734	0.6704	0.0876	0.0996	0.0000	0.1105	0.2723	11.2839	8.8121	6.8631	0.3427	0
55.000	-3.6575	4.1888	0.2603	0.3412	0.0000	0.8395	4.1065	10.6065	10.2492	7.7054	0.3921	0
55.067	0.5894	-0.6290	0.1564	0.2136	0.0000	0.3765	0.5593	11.4737	8.3280	6.5681	0.4099	0
55.133	0.0149	4.1888	0.1658	0.3507	0.0000	0.3755	0.9616	10.7480	8.4615	7.1259	0.2775	0
55.200	-3.6575	4.1888	0.1713	0.2710	0.0000	0.2032	1.0312	11.9813	9.1457	6.9301	0.3904	0
55.267	3.6575	-4.1888	0.1256	0.3044	0.0000	0.0613	1.9972	11.4124	9.7521	8.8163	0.3588	1
55.333	0.0408	-0.0336	0.1588	0.3511	0.0000	0.1569	2.9641	10.0448	10.1484	9.2590	0.2986	0
55.400	2.6189	-4.1888	0.1389	0.3277	0.0000	0.1015	0.5098	10.0772	9.8607	8.4140	0.2564	0
55.467	3.6575	-4.1888	0.1803	0.2707	0.0000	0.1569	0.5710	11.0430	10.5106	7.0798	0.3259	0
55.533	-3.6575	-4.1888	0.1924	0.3808	0.0000	0.3118	0.0947	12.1431	9.0682	3.7690	0.4419	0
55.600	-0.0136	-0.0174	0.1444	0.3996	0.0000	0.0963	1.4012	11.6488	9.6233	4.5473	0.4135	0
55.667	-0.0267	-0.0016	0.1398	0.3687	0.0000	0.0350	1.1098	10.9612	9.2154	7.0429	0.3403	0
55.733	-0.0084	0.0558	0.1563	0.2900	0.0000	0.2446	2.0528	11.1648	8.8655	5.2050	0.3979	0
55.800	-0.0212	-0.0409	0.1211	0.2821	0.0000	0.0723	0.4572	11.9673	9.2129	4.1316	0.4477	0
55.867	-3.6575	0.0430	0.1400	0.3325	0.0000	0.0711	0.9475	11.0027	9.1124	5.7340	0.3179	0
55.933	-3.6575	-4.1888	0.1563	0.2680	0.0000	0.0743	5.6599	11.6824	9.1332	7.0480	0.3707	0
56.000	3.6575	-4.1888	0.1845	0.0918	0.0000	0.7152	0.2717	11.2273	9.8342	6.8651	0.3518	0
56.067	3.6575	2.4595	0.0566	0.0952	0.0000	0.1642	4.5575	10.0443	10.0258	8.5891	0.2985	4
56.133	0.0277	0.0628	0.0614	0.1115	0.0000	0.2988	1.2463	10.0096	10.0566	8.3653	0.2462	0
56.200	3.6575	-4.1888	0.0803	0.1336	0.0000	0.0735	0.6371	10.0303	10.1301	8.2354	0.3057	0
56.267	-3.6575	0.3307	0.0779	0.0731	0.0000	0.0944	1.1265	11.9561	8.8081	6.4055	0.4545	0
56.333	-3.2871	-0.5928	0.2980	0.3703	0.0000	0.8279	0.7334	11.7081	8.7473	4.4851	0.4268	0
56.400	-0.0097	-0.0642	0.1689	0.2950	0.0000	0.0748	1.2205	10.0701	9.3347	5.9013	0.2750	0
56.467	0.0662	4.1888	0.1355	0.3135	0.0000	0.0968	2.0497	9.9429	9.3867	6.9164	0.2259	0
56.533	-0.1644	4.1888	0.1270	0.3494	0.0000	0.0983	2.3919	11.0410	10.0424	8.0322	0.3488	0
56.600	0.0773	-0.0629	0.1641	0.3275	0.0000	0.0370	1.3905	11.4533	9.4900	7.0507	0.3882	0
56.667	0.0211	-0.0427	0.1448	0.3296	0.0000	0.0691	0.8891	11.3989	8.7533	5.2999	0.3408	0
56.733	-0.0005	0.0103	0.1520	0.3112	0.0000	0.1289	0.4409	11.0412	9.0557	5.3460	0.3159	0
56.800	0.0494	0.2354	0.1366	0.3664	0.0000	0.2368	1.1700	11.5584	9.1231	6.0840	0.3662	0
56.867	0.0117	-0.2693	0.1675	0.3282	0.0000	0.1152	2.1316	11.4775	9.4306	6.7812	0.3752	0
56.933	0.0110	0.0100	0.1572	0.3084	0.0000	0.0770	5.6421	10.1566	10.1658	8.3428	0.2789	1
57.000	0.0181	-0.0021	0.1613	0.3656	0.0000	0.1613	0.7893	10.3573	9.9808	8.2496	0.2718	0
57.067	1.2049	-4.1888	0.1574	0.3297	0.0000	0.0069	0.8646	11.0602	10.0716	7.9665	0.3167	0
57.133	-0.0581	-4.1888	0.1089	0.3105	0.0000	0.1154	0.3960	11.2938	8.7600	4.3164	0.3362	0
57.200	-3.3119	4.1888	0.1443	0.2850	0.0000	0.0409	0.8261	11.3473	9.4916	5.0789	0.3419	0
57.267	0.0260	0.0342	0.1370	0.3071	0.0000	0.1275	1.2510	11.1486	9.6964	5.9686	0.3309	0
57.333	-3.6575	4.1888	0.1945	0.4065	0.0000	0.4326	3.9589	11.4734	9.7772	7.1807	0.3640	0
57.400	0.0062	-0.4618	0.1689	0.3365	0.0000	0.1400	0.5323	11.3227	10.0648	7.6918	0.3762	0
57.467	3.6575	4.1888	0.1823	0.3511	0.0000	0.1431	1.2292	10.5675	10.0408	7.8929	0.3225	0
57.533	-0.0164	0.0403	0.1819	0.4250	0.0000	0.3821	1.1734	10.7461	9.7687	7.0965	0.2869	0
57.600	-0.0126	0.0073	0.1221	0.3524	0.0000	0.2375	0.1461	10.3894	9.8734	6.4733	0.2799	2
57.667	-0.0042	-0.0295	0.1769	0.4399	0.0000	0.2868	4.3091	10.8726	9.6316	6.8816	0.2923	0
57.733	0.0546	0.0435	0.1812	0.4074	0.0000	0.1365	1.2316	10.9823	9.9530	8.1702	0.3306	0
57.800	-0.1432	-0.3319	0.1684	0.3162	0.0000	0.2755	1.6618	10.9184	9.7244	7.5306	0.3236	0
57.867	0.0410	-0.0207	0.1614	0.3583	0.0000	0.0907	0.3222	10.9113	9.9180	5.5701	0.3028	0
57.933	3.6575	-3.7926	0.1683	0.4019	0.0000	0.1598	1.6022	10.7173	9.7126	7.3379	0.3004	0
58.000	-3.6575	-4.1888	0.1536	0.3693	0.0000	0.0926	0.9956	11.0178	9.5767	6.2868	0.3166	0
58.067	-3.6575	-4.1888	0.1627	0.3811	0.0000	0.0385	0.5349	11.4146	9.4672	5.8348	0.3526	0
58.133	0.0619	2.2249	0.1638	0.2869	0.0000	0.2547	1.1236	11.3650	9.4395	7.5655	0.3676	0
58.200	-3.6575	0.6535	0.1695	0.3541	0.0000	0.1083	1.1724	11.3438	10.0253	8.5709	0.3749	0
58.267	3.6575	3.7995	0.1486	0.3429	0.0000	0.1591	2.1637	11.1118	10.3765	8.7973	0.3807	0
58.333	3.6575	4.1888	0.1526	0.3465	0.0000	0.1081	1.5866	10.4240	10.9207	9.4581	0.3831	1
58.400	-3.6575	4.1888	0.1942	0.4824	0.0000	0.3946	2.3314	10.1233	10.6997	9.5988	0.3388	0
58.467	0.0436	-0.0080	0.1705	0.3585	0.0000	0.3196	0.5530	10.4251	10.5874	9.8967	0.3279	0
58.533	0.0707	4.1888	0.1396	0.3326	0.0000	0.0718	0.4896	10.8141	9.0715	5.3874	0.2837	0
58.600	0.0026	-1.4459	0.1140	0.3022	0.0000	0.0890	1.3421	11.3983	9.4609	6.2512	0.3531	0
58.667	-0.1526	-0.0093	0.1174	0.3706	0.0000	0.1392	1.7431	11.2893	9.2791	7.1155	0.3512	0
58.733	0.5721	1.7740	0.1402	0.3557	0.0000	0.1301	1.9908	11.2681	9.4206	7.8108	0.3391	0
58.800	3.6575	-2.8703	0.1679	0.4371	0.0000	0.3591	0.9900	11.1514	9.9463	9.6573	0.3647	0
58.867	-3.6575	-3.6118	0.1892	0.2746	0.0000	0.4586	1.6440	10.6131	10.3609	9.1443	0.3362	0
58.933	-0.0037	0.0174	0.1034	0.3281	0.0000	0.1696	0.8595	10.1640	10.6511	8.5907	0.3044	0
59.000	-0.6410	-1.4315	0.1369	0.3238	0.0000	0.0539	1.1698	10.1696	10.1972	9.0569	0.3128	16
59.067	0.1664	-1.5829	0.1266	0.3662	0.0000	0.0699	1.7448	10.7114	9.4665	9.3058	0.3171	0
59.133	-0.0126	0.0142	0.1201	0.3492	0.0000	0.2201	1.0007	11.0648	9.7015	9.3342	0.3379	0
59.200	-0.0350	0.0347	0.1451	0.3663	0.0000	0.1838	1.2332	10.4434	10.1488	8.8597	0.3112	0
59.267	-0.0956	0.0144	0.1515	0.4194	0.0000	0.2157	0.7458	10.2353	9.8413	8.8925	0.2605	0
59.333	0.6838	2.9645	0.1772	0.3826	0.0000	0.0713	0.7062	10.1507	9.6755	8.8771	0.2497	0
59.400	0.3291	0.7417	0.1307	0.3470	0.0000	0.1461	1.1526	10.7630	9.7680	9.1721	0.2957	0
59.467	-0.8944	1.2973	0.1761	0.4441	0.0000	0.1691	0.6246	10.6165	9.9132	9.2007	0.2918	0
59.533	0.4718	4.1888	0.1631	0.4253	0.0000	0.1000	0.7958	10.3349	9.8106	8.9772	0.2720	0
59.600	-0.1723	-0.0064	0.1791	0.3573	0.0000	0.0414	0.6182	10.6696	9.8050	8.8849	0.2917	0
59.667	-0.0255	0.0323	0.1673	0.4961	0.0000	0.3304	1.0222	10.9460	9.8994	8.8782	0.3133	1
59.733	0.0589	0.0042	0.1818	0.3622	0.0000	0.3206	3.1903	10.4089	10.1270	9.4384	0.2955	0
59.800	-0.0317	0.0652	0.1438	0.4335	0.0000	0.2054	0.6524	10.1064	9.7824	9.1799	0.2641	0
59.867	0.5959	2.4577	0.1534	0.5009	0.0000	0.1618	0.7505	10.1960	9.5524	9.2672	0.2649	0
59.933	-0.0648	0.7829	0.1632	0.3956	0.0000	0.2404	1.0358	10.5434	9.5353	8.9239	0.2737	0
60.000	-0.1924	0.0334	0.1220	0.4375	0.0000	0.1314	0.7329	10.3810	9.7236	9.0920	0.2677	0
60.067	0.2509	1.4954	0.1305	0.3787	0.0000	0.2199	0.8965	10.3613	9.6850	9.2542	0.2756	0
60.133	-0.1763	-0.0319	0.1156	0.4104	0.0000	0.1059	0.9553	10.7733	9.7260	9.0710	0.2980	0
60.200	-0.2176	-0.0481	0.1413	0.4198	0.0000	0.0777	0.8889	10.8548	10.0129	8.8836	0.3125	0
60.267	0.0348	-0.0799	0.1448	0.4427	0.0000	0.1789	1.7013	10.4630	10.2256	9.2934	0.3018	0
60.333	0.6984	-3.5776	0.1534	0.4934	0.0000	0.1365	1.1301	9.9959	9.7142	9.1184	0.2465	0
60.400	-0.3068	-0.5387	0.1770	0.4057	0.0000	0.2926	0.9422	9.9343	9.7275	10.4626	0.3001	2
60.467	-0.0112	0.4480	0.1344	0.3751	0.0000	0.0034	1.7782	10.0695	9.8989	10.7742	0.3324	0
60.533	-0.6600	1.4848	0.1913	0.5115	0.0000	0.3434	0.7634	9.5237	9.2343	10.8776	0.3144	0
60.600	1.3862	2.9464	0.1510	0.4504	0.0000	0.2194	1.5449	9.0177	9.6526	11.0412	0.3211	0
60.667	0.0212	-0.5703	0.1472	0.4012	0.0000	0.1020	0.6548	9.8781	9.7956	10.8774	0.3220	0
60.733	0.4267	0.6449	0.1582	0.3850	0.0000	0.0924	0.7269	9.3526	9.4969	10.8507	0.3111	0
60.800	-0.1872	0.0308	0.1388	0.4655	0.0000	0.2275	0.4744	9.5054	9.8679	10.5462	0.2999	0
60.867	-0.0150	0.0102	0.1435	0.4428	0.0000	0.0708	0.8638	9.1921	9.8428	9.8438	0.2697	0
60.933	0.4938	-1.6220	0.1656	0.3940	0.0000	0.0809	1.4516	9.5296	9.7446	10.6153	0.2929	0
61.000	-0.1390	0.1061	0.1044	0.3721	0.0000	0.0576	0.6241	9.3452	9.2919	10.7087	0.2906	0
61.067	0.0089	-0.1242	0.1217	0.3899	0.0000	0.0441	0.9335	9.6708	9.3878	10.9601	0.3108	0
61.133	-0.3884	0.0103	0.1219	0.4044	0.0000	0.0728	2.1141	9.0278	9.3535	10.9419	0.3124	1
61.200	0.2809	0.5772	0.1209	0.4216	0.0000	0.0422	0.9549	10.1312	9.8563	10.6352	0.3178	0
61.267	-0.5274	-1.0556	0.1266	0.3808	0.0000	0.0451	0.7009	10.0860	10.0340	9.7923	0.2805	0
61.333	0.0627	0.0135	0.1599	0.4802	0.0000	0.3032	0.9913	9.9030	9.5599	10.2081	0.2720	0
61.400	0.6761	1.9802	0.1369	0.4667	0.0000	0.0779	0.7306	9.3666	9.1555	10.1824	0.2417	0
61.467	0.0033	-0.0949	0.1295	0.4185	0.0000	0.1172	0.9497	9.6577	9.1830	10.0283	0.2539	0
61.533	-0.0710	0.0040	0.1138	0.4598	0.0000	0.0400	1.0284	9.6524	9.1251	9.5481	0.2364	0
61.600	-0.7960	1.6978	0.1282	0.4467	0.0000	0.0576	1.1651	9.8144	9.2052	10.1573	0.2610	0
61.667	-0.0359	-0.0772	0.1176	0.3842	0.0000	0.1615	2.1516	9.8974	9.5638	9.8919	0.2708	0
61.733	0.8423	-1.8439	0.1606	0.4803	0.0000	0.3576	0.8237	9.8741	9.4810	9.9698	0.2619	0
61.800	-0.7639	1.8676	0.1560	0.3477	0.0000	0.4162	1.2183	10.6755	10.1256	9.3471	0.3171	4
61.867	-0.1696	-0.0742	0.1354	0.4743	0.0000	0.3304	0.5300	10.9961	9.2605	9.5318	0.3040	0
61.933	-0.7716	1.4978	0.1404	0.4822	0.0000	0.0775	0.8077	8.7257	8.6334	8.7803	0.1812	0
62.000	1.0679	-1.2810	0.1286	0.4232	0.0000	0.1132	1.2749	8.7086	9.2383	8.8257	0.1670	0
62.067	0.1017	-0.0973	0.1303	0.4742	0.0000	0.2127	0.3541	8.4012	8.6999	8.9053	0.1371	0
62.133	-0.1147	0.0313	0.1312	0.5600	0.0000	0.2091	0.5631	2.8727	8.3841	8.5211	0.1494	0
62.200	0.0314	-0.0075	0.0827	0.5316	0.0000	0.1029	4.2605	11.3620	10.0929	8.1166	0.3503	0
62.267	-0.6253	1.5825	0.1005	0.5124	0.0000	0.0934	0.5051	10.5732	8.2716	7.6764	0.2700	0
62.333	-0.1552	-0.5442	0.1209	0.4554	0.0000	0.1015	0.6311	8.8213	8.6211	7.8349	0.1744	0
62.400	-0.0165	0.3475	0.1138	0.4269	0.0000	0.1130	0.4770	8.8439	8.4257	8.0233	0.1430	0
62.467	0.2940	-0.0235	0.1306	0.4962	0.0000	0.2292	0.7950	8.2397	9.1344	8.5542	0.2058	1
62.533	-0.3583	0.5477	0.1483	0.3997	0.0000	0.2718	6.1107	6.4497	9.0473	8.7683	0.2011	0
62.600	0.0026	0.0434	0.1310	0.4745	0.0000	0.0691	0.3654	11.2357	9.8192	7.1290	0.3235	0
62.667	-0.3847	-0.0809	0.1415	0.4576	0.0000	0.0588	0.3163	10.8577	8.3587	6.7778	0.2877	0
62.733	0.2770	-0.0061	0.1028	0.4757	0.0000	0.0650	0.8282	9.3488	7.7313	7.1065	0.1445	0
62.800	-0.0226	0.0513	0.1206	0.5053	0.0000	0.1730	1.1907	8.3592	6.8719	6.6066	0.1199	0
62.867	-0.4612	1.2367	0.1459	0.5056	0.0000	0.0235	0.5571	8.5478	8.5010	6.5340	0.1050	0
62.933	-0.0971	-0.0223	0.1234	0.4889	0.0000	0.1115	0.6697	0.7824	7.2050	6.6983	0.0673	0
63.000	-0.0092	-0.0506	0.1167	0.5029	0.0000	0.1321	1.1544	1.4177	7.7990	6.4666	0.0654	0
63.067	0.0124	0.1200	0.1383	0.4460	0.0000	0.2010	0.8170	1.6428	6.8734	7.0720	0.1455	0
63.133	0.0241	0.4590	0.1163	0.5023	0.0000	0.2147	8.5363	11.6952	10.0524	6.3927	0.3893	2
63.200	-0.3805	-0.1772	0.1256	0.4780	0.0000	0.1091	0.2599	10.7613	7.7352	6.4598	0.2801	0
63.267	0.5745	0.9903	0.1311	0.5375	0.0000	0.1598	0.4637	9.6816	7.6699	5.7309	0.1353	0
63.333	-0.8564	-2.3706	0.1293	0.5290	0.0000	0.1208	0.8619	8.6721	9.7065	6.5164	0.2572	0
63.400	0.0232	0.0432	0.1293	0.4625	0.0000	0.0924	8.5111	11.5503	9.9877	6.1621	0.3757	0
63.467	-0.0283	0.0411	0.1643	0.5948	0.0000	0.3441	0.1712	10.7076	8.4852	5.3703	0.2746	0
63.533	1.3648	2.2060	0.1667	0.5209	0.0000	0.1792	0.6020	9.7155	6.2197	4.9938	0.1665	0
63.600	-1.2562	2.1495	0.1413	0.5564	0.0000	0.0615	10.1450	11.4048	9.9255	5.8616	0.3559	0
63.667	-0.5318	1.4629	0.1247	0.4798	0.0000	0.1069	0.2435	10.7403	7.0324	5.3674	0.2755	0
63.733	-0.9259	-1.5212	0.1090	0.5221	0.0000	0.1140	2.9893	9.6509	6.9763	5.3133	0.1327	0
63.800	0.1514	-0.0221	0.1107	0.5270	0.0000	0.0728	0.2829	8.5373	7.6301	4.8449	0.1093	0
63.867	-1.0379	-1.2042	0.1297	0.5425	0.0000	0.0620	0.9182	5.9193	10.7439	9.2858	0.2071	1
63.933	0.1475	0.0043	0.1027	0.4922	0.0000	0.0630	10.0263	6.7802	9.0268	8.3728	0.2138	0
64.000	0.0199	0.0474	0.1430	0.5629	0.0000	0.2000	0.5397	6.5550	8.8456	7.3226	0.0945	0
64.067	-1.4547	-1.8268	0.1108	0.5713	0.0000	0.0463	0.1008	2.1251	8.6410	8.2517	0.0870	0
64.133	-0.9206	-1.7262	0.1589	0.4821	0.0000	0.1892	0.3774	1.6712	7.3959	6.3110	0.0657	0
64.200	0.0755	0.0107	0.1343	0.5886	0.0000	0.2402	1.9215	1.2587	7.2428	6.6353	0.0561	0
64.267	-1.2337	-1.2513	0.1415	0.5456	0.0000	0.1071	0.8562	1.5204	7.5463	6.4610	0.0535	0
64.333	0.0598	-0.0029	0.1082	0.4906	0.0000	0.0941	0.6131	1.8105	7.6845	6.6005	0.0562	0
64.400	-0.2127	-0.2925	0.0949	0.4840	0.0000	0.1414	1.4166	1.7456	7.8167	6.6965	0.0685	0
64.467	-0.6050	1.0561	0.1143	0.5404	0.0000	0.1743	1.0805	2.3200	7.7714	6.7539	0.0656	0
64.533	-0.1269	-0.0075	0.1153	0.5229	0.0000	0.1529	1.0452	1.9021	7.9367	6.3673	0.0621	0
64.600	0.1691	0.0233	0.1274	0.5756	0.0000	0.1647	0.6020	10.8016	11.1429	7.6946	0.3517	8
64.667	-0.0830	0.0294	0.1118	0.4840	0.0000	0.2525	0.7007	11.5216	7.7276	6.2955	0.3586	0
64.733	-0.1003	0.0065	0.0734	0.4527	0.0000	0.1083	1.1789	9.1084	7.5383	7.0280	0.1732	0
64.800	-0.3775	-0.3093	0.1522	0.5903	0.0000	0.3647	1.6699	9.0742	7.5513	5.9859	0.1407	0
64.867	-0.2433	0.4913	0.1430	0.5282	0.0000	0.1657	1.0906	8.1689	7.7694	6.1939	0.0951	0
64.933	0.1028	0.0115	0.0962	0.4739	0.0000	0.1493	0.6392	2.6296	7.8471	6.4385	0.0855	0
65.000	0.5311	0.2842	0.0657	0.4600	0.0000	0.0417	5.8351	11.5874	10.6297	7.1670	0.3943	0
65.067	-0.8511	0.4917	0.1109	0.5527	0.0000	0.2627	0.2636	10.8715	8.4622	7.0672	0.3038	0
65.133	-0.6292	-0.6492	0.1170	0.5306	0.0000	0.0304	1.2448	9.5701	8.6864	7.4005	0.1577	0
65.200	1.2986	1.1634	0.1350	0.5885	0.0000	0.1515	0.6430	8.5307	8.5395	7.4200	0.1345	0
65.267	-0.1401	-0.0190	0.1197	0.5768	0.0000	0.0738	0.5969	6.6849	10.5721	8.9704	0.2148	1
65.333	-0.1789	0.0379	0.1008	0.6060	0.0000	0.1395	1.6304	6.6348	9.0779	8.4404	0.1528	0
65.400	0.0212	0.0262	0.0836	0.6351	0.0000	0.0735	0.9401	6.5562	8.9503	7.3615	0.1136	0
65.467	-0.0679	-0.0112	0.1122	0.5479	0.0000	0.2071	0.4323	3.4152	9.1163	7.3710	0.1117	0
65.533	1.9169	-2.0411	0.1256	0.6012	0.0000	0.1733	1.1378	3.4947	8.8856	7.7226	0.1124	0
65.600	-0.0633	-0.0038	0.0436	0.6323	0.0000	0.0868	1.5218	2.8344	9.0629	8.3245	0.1276	0
65.667	0.1198	-0.0248	0.1158	0.6138	0.0000	0.0978	0.9644	3.2619	10.1047	8.9454	0.2075	0
65.733	-0.8514	1.1711	0.1090	0.5841	0.0000	0.1025	2.3121	4.3031	10.0612	9.7033	0.2242	0
65.800	-0.0193	-0.0099	0.0911	0.6182	0.0000	0.0909	0.4241	3.2089	9.3248	8.3950	0.1398	0
65.867	-0.0851	-0.0110	0.1051	0.6133	0.0000	0.0338	0.6696	2.7678	8.9664	7.9721	0.1185	0
65.933	0.0117	0.0307	0.0828	0.6188	0.0000	0.0142	0.6566	2.6085	8.7250	7.9037	0.1871	0
66.000	0.2129	0.0181	0.1249	0.5355	0.0000	0.2228	3.1859	7.3936	10.7153	9.4819	0.2573	2
66.067	-0.4382	-0.5287	0.0991	0.5542	0.0000	0.1022	1.1849	6.3554	9.5736	10.0498	0.2391	0
66.133	-1.7425	1.0101	0.0987	0.5713	0.0000	0.1363	0.8251	5.9690	9.6136	9.3866	0.1900	0
66.200	1.3092	-0.5581	0.0955	0.5851	0.0000	0.1005	1.2380	5.2735	9.5701	9.6974	0.2106	0
66.267	-0.8572	0.7647	0.0899	0.6162	0.0000	0.1407	1.2893	5.2822	10.0575	9.6470	0.2220	0
66.333	-2.0455	1.1475	0.1304	0.6018	0.0000	0.0953	0.6458	4.5247	9.7588	9.8960	0.2673	0
66.400	-0.0224	0.0034	0.0940	0.6031	0.0000	0.0294	3.3872	11.5333	9.5558	9.6264	0.3937	0
66.467	-0.2572	-0.0034	0.0995	0.5719	0.0000	0.0944	0.6440	10.6997	9.7239	9.5673	0.3198	0
66.533	1.1700	0.8000	0.0996	0.6113	0.0000	0.1017	1.1096	9.1083	9.5821	10.2620	0.2483	0
66.600	1.4648	0.1635	0.0810	0.5899	0.0000	0.1093	0.5753	8.0594	9.7891	9.6658	0.2289	0
66.667	-2.2085	-1.1479	0.1038	0.6026	0.0000	0.0998	1.1408	5.9638	10.3456	9.9449	0.2679	1
66.733	-0.0443	0.0075	0.0607	0.6041	0.0000	0.1142	2.1195	6.3665	9.6937	10.1524	0.2470	0
66.800	1.2926	1.0573	0.0791	0.5847	0.0000	0.1218	1.0197	6.6556	9.8527	9.9314	0.2283	0
66.867	-1.3212	1.3115	0.0784	0.5494	0.0000	0.0885	1.0580	4.8018	9.7809	9.9534	0.2202	0
66.933	-2.6047	1.3069	0.1403	0.6599	0.0000	0.2319	0.8296	5.3888	9.9086	9.7188	0.2172	0
67.000	1.2709	-0.0385	0.1089	0.5659	0.0000	0.2537	0.9658	5.1575	9.8243	9.7918	0.2194	0
67.067	0.5064	-0.1113	0.0958	0.6414	0.0000	0.1961	0.9641	5.1309	9.4135	10.5863	0.2453	0
67.133	-1.4680	-1.4047	0.1336	0.5612	0.0000	0.1618	1.2324	3.5658	10.1919	10.6509	0.2940	0
67.200	-2.3712	1.0659	0.1257	0.6373	0.0000	0.1777	0.9114	5.2048	9.3919	11.0832	0.2832	0
67.267	1.2441	0.6703	0.1148	0.6640	0.0000	0.0733	0.7483	6.2387	10.0688	10.3251	0.2406	0
67.333	1.6616	0.7697	0.1115	0.6541	0.0000	0.0630	0.9469	5.4538	9.6328	10.5605	0.2718	0
67.400	-0.0700	-0.0187	0.0792	0.6454	0.0000	0.0917	2.9035	11.2687	9.0239	6.9363	0.3305	4
67.467	-0.2323	-0.0423	0.1002	0.6548	0.0000	0.0468	0.1799	10.3869	6.8150	6.2751	0.2321	0
67.533	1.5641	-0.9572	0.1163	0.6430	0.0000	0.0409	1.4141	8.8239	7.5896	7.8176	0.1555	0
67.600	-1.4059	0.7097	0.1133	0.6247	0.0000	0.0975	2.5809	8.6442	8.2460	9.8514	0.1801	0
67.667	-2.4640	0.0146	0.0583	0.6346	0.0000	0.1056	1.0070	7.7739	9.2538	10.4195	0.2327	0
67.733	0.4826	-0.0324	0.0808	0.6624	0.0000	0.0941	1.2330	4.2423	9.7475	10.6607	0.2910	0
67.800	-2.1572	-0.5696	0.1101	0.6583	0.0000	0.0434	3.0886	11.4709	7.5211	5.1800	0.3411	0
67.867	1.1307	0.3774	0.1055	0.6080	0.0000	0.1363	1.6462	10.1182	6.9891	6.9008	0.1952	0
67.933	2.0704	-0.7655	0.1225	0.6398	0.0000	0.0978	3.8058	9.5347	7.9912	8.8244	0.1591	0
68.000	-3.6575	2.0226	0.1176	0.6900	0.0000	0.1456	1.7169	8.7722	8.8293	8.7328	0.1603	0
68.067	3.6575	-0.0461	0.1195	0.5750	0.0000	0.2382	0.5660	6.4936	10.6301	10.1222	0.2519	1
68.133	2.0897	-0.8267	0.1213	0.6651	0.0000	0.1855	1.6316	6.5055	9.2843	9.6125	0.2039	0
68.200	-0.5112	0.0806	0.1076	0.5950	0.0000	0.1701	0.6209	6.5332	9.1643	9.4982	0.1816	0
68.267	-3.6575	-0.0164	0.0970	0.6804	0.0000	0.2000	1.6926	11.1618	10.3466	7.3479	0.3393	0
68.333	-3.3024	-1.2355	0.1144	0.6735	0.0000	0.0407	0.2012	10.8182	8.1500	5.1326	0.2794	0
68.400	0.0136	0.0023	0.0324	0.6554	0.0000	0.1167	1.7852	9.4613	6.9126	7.2902	0.1427	0
68.467	-2.2863	-0.4095	0.0953	0.6827	0.0000	0.1444	2.5176	8.4440	8.9872	8.3100	0.1457	0
68.533	-3.6575	0.0802	0.0957	0.6747	0.0000	0.0831	1.2916	8.6363	8.5189	8.5350	0.1484	0
68.600	3.6575	0.9780	0.1144	0.6860	0.0000	0.0833	3.1048	3.3260	9.2298	9.8661	0.1908	0
68.667	2.6040	-0.0461	0.0827	0.6131	0.0000	0.1689	0.9829	3.8681	9.0609	9.5638	0.1801	0
68.733	-2.5952	-0.1109	0.0852	0.6771	0.0000	0.1348	0.9556	3.3592	9.3082	9.7352	0.2168	0
68.800	-3.6575	0.8188	0.0931	0.7012	0.0000	0.0645	3.7432	11.5549	9.7260	6.2392	0.3702	2
68.867	3.6575	0.7804	0.1174	0.6429	0.0000	0.1635	0.1779	10.6589	7.4598	5.8833	0.2636	0
68.933	0.0912	-0.0048	0.0586	0.6205	0.0000	0.0515	1.7463	9.6980	8.4931	7.9283	0.1521	0
69.000	-3.6575	0.0131	0.0945	0.7068	0.0000	0.2265	1.2429	8.5244	7.9240	8.5345	0.1599	0
69.067	-0.0680	-0.0061	0.0785	0.6765	0.0000	0.1154	0.9695	8.1324	9.6415	9.6205	0.1884	0
69.133	-0.0273	-0.0229	0.0379	0.6785	0.0000	0.0983	1.3216	3.4478	9.0978	9.5195	0.2319	0
69.200	-3.6575	0.7064	0.1095	0.6924	0.0000	0.0475	4.4423	11.6647	8.2067	4.5920	0.3755	0
69.267	-0.0348	0.0175	0.0421	0.6755	0.0000	0.1473	1.2253	10.3811	6.6540	5.8051	0.2274	0
69.333	3.6575	0.7786	0.0966	0.6264	0.0000	0.1650	4.1647	9.6785	6.8421	6.8366	0.1324	0
69.400	0.2794	-0.0077	0.0945	0.7157	0.0000	0.2186	2.4797	8.7972	7.9931	7.5915	0.1193	0
69.467	-3.1811	-0.6201	0.0969	0.6923	0.0000	0.0963	3.2559	7.0183	10.7572	9.6979	0.2202	1
69.533	-0.0631	0.0921	0.0757	0.6550	0.0000	0.1037	0.3059	6.2187	8.7168	8.7740	0.1405	0
69.600	3.6575	-0.0480	0.0707	0.7183	0.0000	0.1395	0.4766	6.4833	8.8400	8.6185	0.1225	0
69.667	0.0275	-0.0126	0.0350	0.7153	0.0000	0.0767	1.3138	11.2024	10.6865	7.2435	0.3406	0
69.733	-2.6051	-0.5902	0.0972	0.7204	0.0000	0.0721	0.2178	11.0045	7.0926	4.1118	0.3013	0
69.800	0.2085	-0.0251	0.0608	0.7139	0.0000	0.0748	1.6549	9.3504	6.0041	5.5702	0.1319	0
69.867	3.6575	0.0105	0.0628	0.7166	0.0000	0.0828	1.9654	8.5949	7.4413	7.2054	0.1146	0
69.933	0.0224	0.0245	0.0367	0.7158	0.0000	0.0154	0.6091	6.8836	7.7540	8.1566	0.1029	0
70.000	0.1416	-0.0085	0.0396	0.7089	0.0000	0.0287	1.3157	1.3912	8.2198	8.4737	0.0973	0
70.067	0.0202	-0.0198	0.0439	0.7126	0.0000	0.0422	0.4984	1.1893	8.3001	8.0584	0.0865	0
70.133	1.3631	0.5734	0.1024	0.6951	0.0000	0.0801	1.4293	1.6330	7.7064	7.8435	0.0817	16
70.200	0.1252	0.0021	0.0312	0.6809	0.0000	0.1017	6.2882	11.6052	10.5070	7.0541	0.3877	0
70.267	1.3482	-0.4968	0.1017	0.7227	0.0000	0.1140	0.1875	10.9129	7.3283	4.5868	0.2981	0
70.333	-1.4871	-0.6381	0.1061	0.7266	0.0000	0.0093	0.9287	9.6658	7.3535	5.9412	0.1387	0
70.400	3.1760	0.0021	0.0223	0.7201	0.0000	0.0439	1.5422	8.6143	7.1248	7.4890	0.1232	0
70.467	0.7365	-0.0755	0.0707	0.7352	0.0000	0.0495	1.5786	5.9103	8.2587	8.2053	0.1105	0
70.533	-0.1112	0.0358	0.0546	0.7316	0.0000	0.0502	0.4945	8.2564	10.6486	8.3408	0.2868	0
70.600	0.0876	0.0064	0.0500	0.6843	0.0000	0.1120	6.5418	11.8035	9.1354	4.5582	0.4042	0
70.667	1.9680	0.0479	0.0685	0.7393	0.0000	0.1346	0.4099	10.6017	6.5781	3.9274	0.2557	0
70.733	0.1951	-0.0145	0.0622	0.7408	0.0000	0.1017	3.6834	9.8363	6.7609	5.2476	0.1398	0
70.800	0.0325	-0.0077	0.0249	0.7286	0.0000	0.0473	1.1448	8.7994	7.9189	6.2420	0.1129	0
70.867	0.3387	0.0043	0.0619	0.7206	0.0000	0.1233	2.7215	6.5188	10.8379	9.6300	0.2111	1
70.933	1.7472	0.0090	0.0245	0.7389	0.0000	0.0456	0.3043	6.4467	8.5008	8.0754	0.1146	0
71.000	0.0856	0.0129	0.0500	0.7410	0.0000	0.0140	1.2544	5.6806	7.3298	7.1588	0.1712	0
71.067	-0.7751	0.4894	0.0910	0.7310	0.0000	0.0630	6.2179	11.6998	9.6200	5.4024	0.3880	0
71.133	0.0100	-0.0063	0.0285	0.7424	0.0000	0.0706	0.2207	11.3952	7.6106	3.7832	0.3378	0
71.200	2.0212	-0.0011	0.0518	0.7488	0.0000	0.1066	1.8758	9.1015	7.0308	5.0881	0.1633	0
71.267	0.0789	-0.0041	0.0468	0.7491	0.0000	0.1289	2.2311	8.9546	9.6454	6.1223	0.1621	0
71.333	0.0028	-0.0007	0.0132	0.7483	0.0000	0.0321	1.0799	8.0985	10.0010	7.7746	0.1976	0
71.400	-0.7282	0.6084	0.0933	0.7486	0.0000	0.0645	2.5061	6.8781	10.8401	7.6523	0.2532	0
71.467	1.7584	-0.0043	0.0385	0.7530	0.0000	0.0223	0.6023	7.2090	10.7482	7.9235	0.2601	0
71.533	0.0151	-0.0001	0.0224	0.7548	0.0000	0.0343	0.9799	7.0300	10.7825	8.4703	0.2805	0
71.600	-0.0018	0.0054	0.0160	0.7467	0.0000	0.1056	3.5981	11.4489	7.4840	5.1477	0.3322	2
71.667	-0.0191	0.0037	0.0320	0.7533	0.0000	0.1336	0.1892	10.6947	7.9258	4.5577	0.2626	0
71.733	0.1213	-0.0016	0.0200	0.7581	0.0000	0.0647	1.3797	9.4662	10.1690	6.6698	0.2573	0
71.800	0.0440	0.0084	0.0310	0.7440	0.0000	0.1235	2.0605	11.5852	7.3468	4.7164	0.3349	0
71.867	0.2582	-0.0039	0.0693	0.7596	0.0000	0.2336	2.1557	9.7745	8.3197	4.2135	0.1887	0
71.933	-0.1637	-0.0028	0.0612	0.7610	0.0000	0.1963	1.9329	9.4280	9.3191	6.3702	0.1686	0
72.000	0.1446	-0.0016	0.0320	0.7601	0.0000	0.1059	1.4374	10.5681	10.9457	6.8944	0.3098	0
72.067	-0.0111	-0.0037	0.0247	0.7634	0.0000	0.1015	0.1496	11.2261	7.5118	4.5211	0.3045	0
72.133	-0.0044	0.0031	0.0058	0.7651	0.0000	0.0142	1.0574	8.9813	8.3871	5.4788	0.1695	0
72.200	-0.0093	0.0035	0.0145	0.7648	0.0000	0.0230	1.6730	9.4932	9.4362	6.1561	0.1681	0
72.267	0.1461	-0.0027	0.0145	0.7663	0.0000	0.0865	3.0494	8.7017	10.7678	9.4000	0.2385	1
72.333	0.0268	-0.0046	0.0301	0.7681	0.0000	0.0324	0.4297	7.2130	10.0174	7.8943	0.1965	0
72.400	-0.0217	0.0036	0.0255	0.7676	0.0000	0.0392	0.8239	6.0970	9.3897	7.8843	0.2051	0
72.467	-0.0126	0.0014	0.0149	0.7690	0.0000	0.0314	3.5433	11.5013	9.1191	4.2005	0.3524	0
72.533	0.1608	0.0046	0.0070	0.7741	0.0000	0.0235	0.1173	10.4808	7.5594	3.9024	0.2344	0
72.600	0.0017	0.0014	0.0054	0.7738	0.0000	0.0365	0.8480	9.7328	7.7048	8.5722	0.1744	0
72.667	0.0038	-0.0011	0.0071	0.7731	0.0000	0.0252	6.4150	8.6702	9.7648	9.2599	0.2130	0
72.733	0.0069	0.0000	0.0134	0.7752	0.0000	0.0243	1.0824	7.5869	10.7337	9.0339	0.2802	0
72.800	0.1558	0.0051	0.0126	0.7790	0.0000	0.0767	2.0684	6.2783	11.0616	9.7400	0.3179	0
72.867	-0.0007	0.0017	0.0040	0.7788	0.0000	0.0025	0.6613	7.2000	10.8303	9.3126	0.2755	0
72.933	0.0026	-0.0005	0.0094	0.7772	0.0000	0.0208	0.7193	7.2888	10.7413	8.9228	0.2760	0
73.000	-0.0004	0.0007	0.0015	0.7766	0.0000	0.0022	3.3127	11.2619	7.6203	6.0547	0.3062	4
73.067	0.1971	-0.0040	0.0117	0.7828	0.0000	0.0064	1.1922	10.0815	7.5149	6.1647	0.1929	0
73.133	0.0015	0.0026	0.0054	0.7787	0.0000	0.0510	1.5039	9.4837	9.2501	7.8955	0.1659	0
73.200	0.0039	0.0019	0.0047	0.7782	0.0000	0.1100	2.0686	8.2178	9.4797	8.2889	0.1712	0
73.267	0.0016	-0.0014	0.0012	0.7779	0.0000	0.0000	0.6871	6.7090	10.7516	9.2161	0.2472	0
73.333	0.1969	-0.0015	0.0052	0.7831	0.0000	0.0294	0.9132	7.4400	10.7440	8.6592	0.2831	0
73.400	-0.0000	0.0000	0.0000	0.7831	0.0000	0.0000	0.8992	11.4427	7.4828	4.3842	0.3093	0
73.467	-0.0000	0.0000	0.0000	0.7831	0.0000	0.0000	1.1980	9.5559	7.7811	6.2825	0.1753	0
73.533	0.0001	0.0000	0.0001	0.7830	0.0000	0.0000	1.7268	9.3583	8.6003	7.4734	0.1525	0
73.600	0.2642	-0.0014	0.0051	0.7879	0.0000	0.0294	1.6060	8.8922	9.4205	8.7509	0.2240	0
73.667	0.0047	0.0015	0.0001	0.7880	0.0000	0.0000	8.5459	6.1214	10.4791	9.3854	0.2691	1
73.733	-0.0000	0.0000	0.0000	0.7880	0.0000	0.0000	0.5989	6.7497	10.3421	9.4660	0.2304	0
73.800	-0.0000	0.0000	0.0000	0.7880	0.0000	0.0000	0.5745	6.3291	10.5297	8.7565	0.2426	0
73.867	0.2281	-0.0019	0.0051	0.7931	0.0000	0.0000	1.0878	11.2339	9.3786	5.8296	0.3253	0
73.933	-0.0000	0.0000	0.0000	0.7931	0.0000	0.0000	0.1876	10.5313	8.3608	5.4978	0.2481	0
74.000	-0.0000	0.0000	0.0000	0.7931	0.0000	0.0000	1.6864	9.6434	8.6110	7.0123	0.1595	0
74.067	-0.0000	0.0000	0.0000	0.7931	0.0000	0.0000	2.3200	8.4999	9.1861	7.8752	0.1649	0
74.133	0.2255	0.0001	0.0049	0.7977	0.0000	0.0000	0.7763	6.3954	10.5411	9.1253	0.2229	0
74.200	0.0077	-0.0002	0.0002	0.7980	0.0000	0.0000	1.1519	5.8413	10.2676	8.9941	0.2233	0
74.267	0.0001	0.0001	0.0000	0.7980	0.0000	0.0000	0.8072	8.2074	10.8245	8.9565	0.2842	0
74.333	-0.0000	0.0000	0.0000	0.7980	0.0000	0.0000	0.5807	11.4706	6.7044	4.1422	0.3179	2
74.400	0.2324	-0.0001	0.0049	0.8028	0.0000	0.0294	5.5798	9.3833	6.7962	5.6424	0.1627	0
74.467	-0.0000	0.0000	0.0000	0.8028	0.0000	0.0000	1.9520	9.2935	8.8078	6.5615	0.1489	0
74.533	-0.0000	0.0000	0.0000	0.8028	0.0000	0.0000	1.3670	10.4515	10.9811	7.1087	0.3052	0
74.600	-0.0000	0.0000	0.0000	0.8028	0.0000	0.0000	0.1209	11.2443	7.5721	3.7519	0.3080	0
74.667	0.2163	-0.0002	0.0048	0.8073	0.0000	0.0294	2.1714	8.8513	7.7504	5.4329	0.1579	0
74.733	0.0068	0.0000	0.0002	0.8075	0.0000	0.0000	1.4730	9.4480	10.1556	6.9700	0.2563	0
74.800	-0.0000	0.0000	0.0000	0.8075	0.0000	0.0000	1.7056	11.5490	7.3988	4.1675	0.3281	0
74.867	-0.0000	0.0000	0.0000	0.8075	0.0000	0.0000	1.6408	9.6420	7.6932	4.8546	0.1779	0
74.933	0.2049	-0.0003	0.0050	0.8124	0.0000	0.0000	1.6191	9.3596	8.7556	6.6304	0.1481	0
75.000	-0.0000	0.0000	0.0000	0.8124	0.0000	0.0000	2.0622	8.8177	9.2985	6.9556	0.1916	0
75.067	-0.0000	0.0000	0.0000	0.8124	0.0000	0.0000	10.2693	6.4978	10.7333	8.9802	0.2566	1
75.133	-0.0000	0.0000	0.0000	0.8124	0.0000	0.0000	0.2583	6.0417	9.6688	7.8280	0.1663	0
75.200	0.1966	0.0001	0.0050	0.8172	0.0000	0.0000	1.0425	5.7533	10.0760	7.8982	0.2407	0
75.267	0.0057	0.0002	0.0002	0.8174	0.0000	0.0000	1.7245	11.3286	9.9494	6.2243	0.3382	0
75.333	-0.0000	0.0000	0.0000	0.8174	0.0000	0.0000	0.1776	10.7091	7.7840	4.4106	0.2713	0
75.400	0.0000	-0.0000	0.0000	0.8174	0.0000	0.0000	0.7438	9.5932	7.2777	5.6309	0.1313	0
75.467	0.1920	0.0004	0.0052	0.8225	0.0000	0.0294	1.6940	8.4674	8.7721	6.8471	0.1302	0
75.533	-0.0000	0.0000	0.0000	0.8225	0.0000	0.0000	1.0550	5.8710	9.8262	7.6212	0.1622	0
75.600	-0.0000	0.0000	0.0000	0.8225	0.0000	0.0000	1.1105	4.3987	10.2897	7.5815	0.1980	0
75.667	-0.0000	0.0000	0.0000	0.8225	0.0000	0.0000	0.7417	5.1523	10.0406	7.3984	0.1778	0
75.733	0.1680	-0.0000	0.0051	0.8274	0.0000	0.0294	0.6898	9.4909	10.9547	7.6654	0.2937	8
75.800	0.0055	0.0001	0.0002	0.8275	0.0000	0.0000	6.0813	11.5397	7.6081	6.3740	0.3517	0
75.867	-0.0000	0.0000	0.0000	0.8275	0.0000	0.0000	0.6051	10.2098	7.2588	5.0475	0.1975	0
75.933	-0.0000	0.0000	0.0000	0.8275	0.0000	0.0000	1.3130	9.6941	8.8101	6.6240	0.1517	0
76.000	0.1593	-0.0003	0.0050	0.8325	0.0000	0.0000	1.4011	8.8477	9.2760	7.6245	0.1677	0
76.067	-0.0000	-0.0000	0.0000	0.8325	0.0000	0.0000	2.1858	6.2944	10.7041	8.7161	0.2550	0
76.133	-0.0000	-0.0000	0.0000	0.8325	0.0000	0.0000	1.0302	10.1095	10.9245	7.5920	0.3202	0
76.200	-0.0000	-0.0000	0.0000	0.8325	0.0000	0.0000	0.2737	11.1876	7.3840	3.9263	0.2979	0
76.267	0.1434	-0.0000	0.0049	0.8371	0.0000	0.0000	1.3225	8.8961	8.3146	6.2766	0.1640	0
76.333	0.0043	0.0019	0.0002	0.8372	0.0000	0.0000	1.7458	9.3539	8.8231	7.0735	0.1516	0
76.400	0.0009	-0.0025	0.0001	0.8373	0.0000	0.0000	2.6854	8.8469	9.4364	7.3248	0.1920	1
76.467	-0.0000	0.0000	0.0000	0.8373	0.0000	0.0000	8.3186	7.1871	10.8564	9.2205	0.2698	0
76.533	0.1512	0.0009	0.0049	0.8421	0.0000	0.0294	0.1780	6.5551	10.0997	7.9697	0.1918	0
76.600	-0.0000	0.0000	0.0000	0.8421	0.0000	0.0000	0.7886	5.3250	9.9441	7.9984	0.1724	0
76.667	-0.0000	0.0000	0.0000	0.8421	0.0000	0.0000	1.4094	5.4672	9.9169	7.7869	0.1724	0
76.733	0.0005	0.0001	0.0005	0.8417	0.0000	0.0000	1.0965	5.6655	10.1357	8.4130	0.1751	0
76.800	0.1368	0.0000	0.0048	0.8462	0.0000	0.0294	0.6700	7.2205	10.3889	8.0532	0.2628	0
76.867	0.0053	0.0000	0.0002	0.8464	0.0000	0.0000	3.2772	11.4434	9.4387	4.7616	0.3466	0
76.933	-0.0000	0.0000	0.0000	0.8464	0.0000	0.0000	0.1920	10.4982	7.0323	4.4553	0.2453	0
77.000	-0.0000	0.0000	0.0000	0.8464	0.0000	0.0000	2.7693	9.6288	8.0283	6.0820	0.1364	0
77.067	0.1684	-0.0000	0.0051	0.8514	0.0000	0.0000	1.7049	8.6608	8.4052	7.1684	0.1392	0
77.133	-0.0000	0.0000	0.0000	0.8514	0.0000	0.0000	1.4336	5.9425	10.7471	9.3713	0.2199	2
77.200	-0.0000	0.0000	0.0000	0.8514	0.0000	0.0000	0.7384	6.5232	9.5052	8.4747	0.1660	0
77.267	-0.0000	0.0000	0.0000	0.8514	0.0000	0.0000	1.2519	6.5899	9.2677	8.4106	0.1562	0
77.333	0.1737	0.0000	0.0051	0.8563	0.0000	0.0000	0.5849	5.8558	9.7573	8.2832	0.1580	0
77.400	0.0039	-0.0000	0.0002	0.8565	0.0000	0.0000	0.6487	6.2573	9.2358	8.0457	0.1480	0
77.467	-0.0000	0.0000	0.0000	0.8565	0.0000	0.0000	1.0932	5.3612	9.1537	7.9588	0.1416	0
77.533	-0.0000	0.0000	0.0000	0.8565	0.0000	0.0000	0.9464	10.1076	10.9636	7.9210	0.3023	0
77.600	0.1596	0.0000	0.0052	0.8616	0.0000	0.0294	0.2405	11.4051	7.0784	3.8304	0.3262	0
77.667	-0.0000	0.0000	0.0000	0.8616	0.0000	0.0000	0.5026	9.0231	7.6913	5.4634	0.1680	0
77.733	-0.0000	0.0000	0.0000	0.8616	0.0000	0.0000	1.0379	8.9918	8.0573	7.0194	0.1402	0
77.800	-0.0000	0.0000	0.0000	0.8616	0.0000	0.0000	2.0260	8.4123	9.0589	7.8848	0.2154	0
77.867	0.1206	0.0000	0.0051	0.8664	0.0000	0.0294	7.8607	6.9128	10.7723	9.4634	0.2327	1
77.933	0.0048	0.0000	0.0002	0.8666	0.0000	0.0000	0.2832	6.4753	9.2806	8.3547	0.1487	0
78.000	-0.0000	0.0000	0.0000	0.8666	0.0000	0.0000	0.9953	5.2957	8.9418	8.2638	0.1322	0
78.067	-0.0000	0.0000	0.0000	0.8666	0.0000	0.0000	1.0689	4.0831	8.9220	7.7141	0.1223	0
78.133	0.1479	0.0000	0.0048	0.8714	0.0000	0.0000	0.6256	3.8968	8.6799	6.9129	0.0990	0
78.200	-0.0000	0.0000	0.0000	0.8714	0.0000	0.0000	0.6520	3.6718	8.6907	7.1007	0.0934	0
78.267	-0.0000	0.0000	0.0000	0.8714	0.0000	0.0000	0.8546	4.3854	8.1061	6.5703	0.0767	0
78.333	-0.0000	0.0000	0.0000	0.8714	0.0000	0.0000	1.3068	3.5072	8.3898	6.5073	0.0847	0
78.400	0.1334	0.0000	0.0050	0.8760	0.0000	0.0000	1.5105	3.0032	8.3979	6.5466	0.0839	0
78.467	0.0041	0.0000	0.0002	0.8763	0.0000	0.0000	0.4720	3.1586	8.1507	6.3377	0.0700	0
78.533	-0.0000	0.0000	0.0000	0.8763	0.0000	0.0000	0.5698	9.3425	10.8845	7.2321	0.2953	4
78.600	-0.0000	0.0000	0.0000	0.8763	0.0000	0.0000	2.2803	11.6746	6.6018	5.6206	0.3641	0
78.667	-0.0000	0.0000	0.0000	0.8763	0.0000	0.0000	3.1831	9.3107	5.6638	3.1959	0.1725	0
78.733	0.1143	-0.0000	0.0049	0.8811	0.0000	0.0294	3.8976	9.3280	7.9620	4.0458	0.1359	0
78.800	-0.0000	0.0000	0.0000	0.8811	0.0000	0.0000	0.4420	8.9324	7.4349	4.6707	0.0884	0
78.867	-0.0000	0.0000	0.0000	0.8811	0.0000	0.0000	1.7421	2.9187	7.8607	5.6709	0.0774	0
78.933	-0.0000	0.0000	0.0000	0.8811	0.0000	0.0000	0.6238	10.1808	11.1221	7.2757	0.3233	0
79.000	0.1183	0.0000	0.0050	0.8859	0.0000	0.0294	0.2524	11.6507	7.8568	2.8064	0.3629	0
79.067	-0.0000	0.0000	0.0000	0.8859	0.0000	0.0000	0.2598	9.1319	7.8307	4.3939	0.1755	0
79.133	-0.0000	0.0000	0.0000	0.8859	0.0000	0.0000	0.2723	9.2303	6.3998	4.1833	0.1292	0
79.200	-0.0000	0.0000	0.0000	0.8859	0.0000	0.0000	2.2635	8.6274	9.0541	7.1867	0.2071	1
79.267	0.1662	0.0000	0.0051	0.8910	0.0000	0.0000	8.6847	6.7682	9.0279	8.3892	0.2154	0
79.333	-0.0000	-0.0000	0.0000	0.8910	0.0000	0.0000	0.0501	6.6878	8.2635	6.0260	0.0750	0
79.400	-0.0000	-0.0000	0.0000	0.8910	0.0000	0.0000	0.4775	5.3785	8.8701	5.7862	0.2297	0
79.467	-0.0000	-0.0000	0.0000	0.8910	0.0000	0.0000	5.9990	11.8308	7.8059	2.9689	0.4041	0
79.533	0.1167	0.0000	0.0052	0.8961	0.0000	0.0000	1.2614	10.2982	8.4778	4.1923	0.2140	0
79.600	-0.0000	0.0000	0.0000	0.8961	0.0000	0.0000	0.1819	9.7602	8.0129	3.3163	0.1435	0
79.667	-0.0000	0.0000	0.0000	0.8961	0.0000	0.0000	1.8493	9.0995	6.9577	3.2609	0.1027	0
79.733	-0.0000	0.0000	0.0000	0.8961	0.0000	0.0000	2.1000	2.3763	7.7979	4.5357	0.0577	0
79.800	0.1197	0.0000	0.0051	0.9011	0.0000	0.0294	0.8424	1.4491	6.6483	4.0025	0.0403	0
79.867	-0.0000	0.0000	0.0000	0.9011	0.0000	0.0000	0.9499	1.3410	6.4721	4.3959	0.0338	0
79.933	-0.0000	0.0000	0.0000	0.9011	0.0000	0.0000	0.3406	8.0155	10.3560	6.7605	0.2816	2
80.000	-0.0000	0.0000	0.0000	0.9011	0.0000	0.0000	3.1812	11.8605	7.1165	4.1800	0.3917	0
80.067	0.1590	0.0000	0.0050	0.9060	0.0000	0.0294	3.3280	9.7994	7.5299	3.5374	0.1905	0
80.133	-0.0000	0.0000	0.0000	0.9060	0.0000	0.0000	0.4141	9.4937	8.3207	4.8178	0.1340	0
80.200	-0.0000	0.0000	0.0000	0.9060	0.0000	0.0000	0.3038	9.0819	8.2970	3.1296	0.1034	0
80.267	-0.0000	0.0000	0.0000	0.9060	0.0000	0.0000	1.3717	1.2973	6.1943	3.9432	0.0714	0
80.333	0.0639	0.0000	0.0049	0.9109	0.0000	0.0000	12.3452	11.6539	10.4086	6.0681	0.3883	0
80.400	-0.0000	0.0000	0.0000	0.9109	0.0000	0.0000	0.1733	10.9031	6.7695	2.1092	0.2990	0
80.467	-0.0000	0.0000	0.0000	0.9109	0.0000	0.0000	0.2761	9.1328	7.7722	4.2240	0.1738	0
80.533	-0.0000	0.0000	0.0000	0.9109	0.0000	0.0000	0.4558	9.2509	6.8613	2.9755	0.1315	0
80.600	0.1532	0.0000	0.0049	0.9157	0.0000	0.0000	2.6854	8.5702	6.9150	4.9240	0.1912	0
80.667	-0.0000	0.0000	0.0000	0.9157	0.0000	0.0000	15.0075	6.6974	9.7518	8.6780	0.2203	0
80.733	-0.0000	0.0000	0.0000	0.9157	0.0000	0.0000	0.2306	6.4650	8.1915	7.0709	0.0822	0
80.800	-0.0000	0.0000	0.0000	0.9157	0.0000	0.0000	0.0815	9.8992	11.0132	7.0134	0.3198	1
80.867	-0.0007	-0.9094	0.0049	0.9205	0.0000	0.0294	0.3162	11.6939	6.6913	2.4974	0.3718	0
80.933	-0.0000	0.0000	0.0000	0.9205	0.0000	0.0000	4.4282	9.2212	5.9766	3.2778	0.1737	0
